"customerid","segment","days_since_first_purchase","orders_so_far","spend_so_far","avg_order_value","last_purchase","follow_up_urgency"
12713,"Potential Loyalists",1,1,"848.55","848.55","2011-12-09","Urgent — follow up this week"
13404,"Potential Loyalists",1,2,"252.49","126.25","2011-12-08","Urgent — follow up this week"
12985,"Potential Loyalists",1,2,"1205.18","602.59","2011-12-09","Urgent — follow up this week"
13298,"Potential Loyalists",1,1,"360.00","360.00","2011-12-08","Urgent — follow up this week"
14569,"Potential Loyalists",1,1,"227.39","227.39","2011-12-08","Urgent — follow up this week"
15471,"Potential Loyalists",2,1,"469.48","469.48","2011-12-07","Urgent — follow up this week"
14204,"Potential Loyalists",2,1,"161.03","161.03","2011-12-07","Urgent — follow up this week"
13436,"Potential Loyalists",2,1,"196.89","196.89","2011-12-08","Urgent — follow up this week"
12358,"Potential Loyalists",2,2,"1168.06","584.03","2011-12-08","Urgent — follow up this week"
15520,"Potential Loyalists",2,1,"343.50","343.50","2011-12-08","Urgent — follow up this week"
16569,"Potential Loyalists",3,1,"124.20","124.20","2011-12-06","Urgent — follow up this week"
14087,"Potential Loyalists",3,1,"194.42","194.42","2011-12-07","Urgent — follow up this week"
14578,"Potential Loyalists",3,1,"168.63","168.63","2011-12-06","Urgent — follow up this week"
12442,"Potential Loyalists",3,1,"172.06","172.06","2011-12-06","Urgent — follow up this week"
12650,"Potential Loyalists",3,1,"314.44","314.44","2011-12-06","Urgent — follow up this week"
13173,"Potential Loyalists",4,2,"353.65","176.83","2011-12-05","Urgent — follow up this week"
12716,"Potential Loyalists",4,2,"1053.49","526.74","2011-12-06","Urgent — follow up this week"
16528,"Potential Loyalists",4,1,"244.41","244.41","2011-12-06","Urgent — follow up this week"
12367,"Potential Loyalists",4,1,"168.90","168.90","2011-12-05","Urgent — follow up this week"
18015,"Potential Loyalists",4,1,"120.03","120.03","2011-12-05","Urgent — follow up this week"
13311,"Potential Loyalists",4,2,"598.57","299.29","2011-12-05","Urgent — follow up this week"
12478,"Potential Loyalists",4,1,"680.99","680.99","2011-12-06","Urgent — follow up this week"
14219,"Potential Loyalists",4,1,"89.94","89.94","2011-12-05","Urgent — follow up this week"
13083,"Potential Loyalists",4,2,"303.75","151.88","2011-12-05","Urgent — follow up this week"
13790,"Potential Loyalists",4,1,"348.80","348.80","2011-12-05","Urgent — follow up this week"
16597,"Potential Loyalists",4,1,"90.04","90.04","2011-12-05","Urgent — follow up this week"
15992,"Potential Loyalists",4,1,"41.99","41.99","2011-12-06","Urgent — follow up this week"
15097,"Potential Loyalists",4,1,"248.08","248.08","2011-12-05","Urgent — follow up this week"
17914,"Potential Loyalists",4,1,"336.43","336.43","2011-12-06","Urgent — follow up this week"
15318,"Potential Loyalists",4,1,"312.62","312.62","2011-12-06","Urgent — follow up this week"
17383,"Potential Loyalists",4,1,"199.29","199.29","2011-12-05","Urgent — follow up this week"
13417,"Potential Loyalists",5,2,"640.83","320.42","2011-12-05","Urgent — follow up this week"
12673,"Potential Loyalists",5,2,"610.52","305.26","2011-12-04","Urgent — follow up this week"
17936,"Potential Loyalists",5,1,"389.84","389.84","2011-12-04","Urgent — follow up this week"
13736,"Potential Loyalists",5,2,"731.90","365.95","2011-12-04","Urgent — follow up this week"
16535,"Potential Loyalists",5,1,"593.75","593.75","2011-12-04","Urgent — follow up this week"
12925,"Potential Loyalists",5,2,"694.05","347.02","2011-12-05","Urgent — follow up this week"
16988,"Potential Loyalists",5,1,"126.12","126.12","2011-12-04","Urgent — follow up this week"
12646,"Potential Loyalists",5,2,"1346.97","673.49","2011-12-05","Urgent — follow up this week"
12719,"Potential Loyalists",5,2,"644.95","322.48","2011-12-04","Urgent — follow up this week"
13596,"Potential Loyalists",6,2,"697.04","348.52","2011-12-04","Urgent — follow up this week"
13153,"Potential Loyalists",6,1,"486.22","486.22","2011-12-04","Urgent — follow up this week"
15773,"Potential Loyalists",6,1,"147.52","147.52","2011-12-04","Urgent — follow up this week"
13822,"Potential Loyalists",6,2,"632.00","316.00","2011-12-04","Urgent — follow up this week"
13560,"Potential Loyalists",7,1,"174.37","174.37","2011-12-02","Urgent — follow up this week"
13017,"Potential Loyalists",7,1,"204.00","204.00","2011-12-02","Urgent — follow up this week"
13780,"Potential Loyalists",7,2,"274.21","137.10","2011-12-02","Urgent — follow up this week"
18174,"Potential Loyalists",7,1,"104.00","104.00","2011-12-02","Urgent — follow up this week"
15539,"Potential Loyalists",7,1,"538.46","538.46","2011-12-02","Urgent — follow up this week"
12962,"Potential Loyalists",7,2,"266.39","133.20","2011-12-02","Urgent — follow up this week"
12587,"Potential Loyalists",8,1,"144.00","144.00","2011-12-02","Urgent — follow up this week"
12558,"Potential Loyalists",8,1,"269.96","269.96","2011-12-02","Urgent — follow up this week"
15904,"Potential Loyalists",8,1,"164.68","164.68","2011-12-01","Urgent — follow up this week"
12762,"Potential Loyalists",8,2,"1898.52","949.26","2011-12-02","Urgent — follow up this week"
16789,"Potential Loyalists",8,1,"80.80","80.80","2011-12-01","Urgent — follow up this week"
17942,"Potential Loyalists",8,1,"77.50","77.50","2011-12-02","Urgent — follow up this week"
12882,"Potential Loyalists",9,2,"1463.04","731.52","2011-11-30","Urgent — follow up this week"
17911,"Potential Loyalists",9,1,"366.23","366.23","2011-11-30","Urgent — follow up this week"
14804,"Potential Loyalists",9,1,"353.27","353.27","2011-12-01","Urgent — follow up this week"
13040,"Potential Loyalists",9,2,"676.99","338.50","2011-12-01","Urgent — follow up this week"
12572,"Potential Loyalists",9,2,"1020.42","510.21","2011-12-01","Urgent — follow up this week"
12784,"Potential Loyalists",9,2,"574.42","287.21","2011-11-30","Urgent — follow up this week"
13255,"Potential Loyalists",9,2,"399.51","199.76","2011-11-30","Urgent — follow up this week"
14349,"Potential Loyalists",10,1,"133.50","133.50","2011-11-29","Urgent — follow up this week"
13428,"Potential Loyalists",10,1,"218.47","218.47","2011-11-29","Urgent — follow up this week"
12953,"Potential Loyalists",10,1,"329.85","329.85","2011-11-30","Urgent — follow up this week"
18058,"Potential Loyalists",10,1,"170.16","170.16","2011-11-30","Urgent — follow up this week"
12630,"Potential Loyalists",10,2,"1270.88","635.44","2011-11-30","Urgent — follow up this week"
13068,"Potential Loyalists",10,2,"344.00","172.00","2011-11-29","Urgent — follow up this week"
15790,"Potential Loyalists",10,1,"220.85","220.85","2011-11-29","Urgent — follow up this week"
12966,"Potential Loyalists",10,1,"160.18","160.18","2011-11-30","Urgent — follow up this week"
17806,"Potential Loyalists",11,1,"546.04","546.04","2011-11-28","Urgent — follow up this week"
13657,"Potential Loyalists",11,2,"382.14","191.07","2011-11-29","Urgent — follow up this week"
13030,"Potential Loyalists",11,2,"799.48","399.74","2011-11-28","Urgent — follow up this week"
15783,"Potential Loyalists",11,1,"246.30","246.30","2011-11-29","Urgent — follow up this week"
15619,"Potential Loyalists",11,1,"336.40","336.40","2011-11-29","Urgent — follow up this week"
13496,"Potential Loyalists",11,2,"653.33","326.66","2011-11-29","Urgent — follow up this week"
17359,"Potential Loyalists",11,1,"127.86","127.86","2011-11-28","Urgent — follow up this week"
15540,"Potential Loyalists",11,1,"213.30","213.30","2011-11-28","Urgent — follow up this week"
12660,"Potential Loyalists",11,1,"245.10","245.10","2011-11-28","Urgent — follow up this week"
12479,"Potential Loyalists",11,1,"527.20","527.20","2011-11-28","Urgent — follow up this week"
17379,"Potential Loyalists",11,1,"404.66","404.66","2011-11-28","Urgent — follow up this week"
13467,"Potential Loyalists",11,2,"1083.71","541.86","2011-11-29","Urgent — follow up this week"
12375,"Potential Loyalists",11,2,"457.50","228.75","2011-11-29","Urgent — follow up this week"
15148,"Potential Loyalists",11,1,"301.29","301.29","2011-11-29","Urgent — follow up this week"
16800,"Potential Loyalists",11,1,"1201.49","1201.49","2011-11-28","Urgent — follow up this week"
13188,"Potential Loyalists",11,1,"114.60","114.60","2011-11-28","Urgent — follow up this week"
13844,"Potential Loyalists",11,1,"361.62","361.62","2011-11-28","Urgent — follow up this week"
14601,"Potential Loyalists",11,1,"213.96","213.96","2011-11-29","Urgent — follow up this week"
14480,"Potential Loyalists",11,1,"279.05","279.05","2011-11-28","Urgent — follow up this week"
13349,"Potential Loyalists",11,1,"247.32","247.32","2011-11-29","Urgent — follow up this week"
14954,"Potential Loyalists",12,1,"336.17","336.17","2011-11-27","Urgent — follow up this week"
17885,"Potential Loyalists",12,1,"190.19","190.19","2011-11-27","Urgent — follow up this week"
15721,"Potential Loyalists",12,1,"507.08","507.08","2011-11-28","Urgent — follow up this week"
14093,"Potential Loyalists",12,1,"442.85","442.85","2011-11-27","Urgent — follow up this week"
16024,"Potential Loyalists",12,1,"251.24","251.24","2011-11-27","Urgent — follow up this week"
13914,"Potential Loyalists",12,2,"626.45","313.22","2011-11-28","Urgent — follow up this week"
13332,"Potential Loyalists",14,1,"350.90","350.90","2011-11-25","Urgent — follow up this week"
12438,"Potential Loyalists",14,2,"2906.85","1453.43","2011-11-25","Urgent — follow up this week"
14946,"Potential Loyalists",14,1,"100.90","100.90","2011-11-25","Urgent — follow up this week"
12531,"Potential Loyalists",15,1,"125.22","125.22","2011-11-25","Soon — follow up this month"
17385,"Potential Loyalists",15,1,"261.11","261.11","2011-11-25","Soon — follow up this month"
13589,"Potential Loyalists",15,2,"379.65","189.82","2011-11-25","Soon — follow up this month"
13579,"Potential Loyalists",15,2,"467.04","233.52","2011-11-25","Soon — follow up this month"
17767,"Potential Loyalists",15,1,"271.20","271.20","2011-11-24","Soon — follow up this month"
15725,"Potential Loyalists",15,1,"415.25","415.25","2011-11-24","Soon — follow up this month"
17727,"Potential Loyalists",15,1,"1060.25","1060.25","2011-11-24","Soon — follow up this month"
16856,"Potential Loyalists",15,1,"35.40","35.40","2011-11-25","Soon — follow up this month"
17458,"Potential Loyalists",15,1,"316.50","316.50","2011-11-24","Soon — follow up this month"
17247,"Potential Loyalists",15,1,"282.19","282.19","2011-11-24","Soon — follow up this month"
13525,"Potential Loyalists",15,2,"164.78","82.39","2011-11-25","Soon — follow up this month"
14703,"Potential Loyalists",15,1,"318.17","318.17","2011-11-25","Soon — follow up this month"
14756,"Potential Loyalists",15,1,"738.96","738.96","2011-11-24","Soon — follow up this month"
14966,"Potential Loyalists",15,1,"191.32","191.32","2011-11-25","Soon — follow up this month"
15428,"Potential Loyalists",15,1,"93.78","93.78","2011-11-24","Soon — follow up this month"
13207,"Potential Loyalists",15,2,"250.26","125.13","2011-11-24","Soon — follow up this month"
18184,"Potential Loyalists",15,1,"49.80","49.80","2011-11-24","Soon — follow up this month"
13899,"Potential Loyalists",16,2,"388.52","194.26","2011-11-23","Soon — follow up this month"
13638,"Potential Loyalists",16,1,"122.64","122.64","2011-11-24","Soon — follow up this month"
13350,"Potential Loyalists",16,2,"979.12","489.56","2011-11-23","Soon — follow up this month"
14675,"Potential Loyalists",16,1,"604.75","604.75","2011-11-23","Soon — follow up this month"
16482,"Potential Loyalists",16,1,"220.62","220.62","2011-11-24","Soon — follow up this month"
13322,"Potential Loyalists",17,1,"199.48","199.48","2011-11-22","Soon — follow up this month"
13986,"Potential Loyalists",17,1,"239.82","239.82","2011-11-22","Soon — follow up this month"
12920,"Potential Loyalists",17,1,"164.23","164.23","2011-11-22","Soon — follow up this month"
14581,"Potential Loyalists",17,1,"138.60","138.60","2011-11-23","Soon — follow up this month"
15634,"Potential Loyalists",17,1,"243.55","243.55","2011-11-22","Soon — follow up this month"
12586,"Potential Loyalists",17,1,"196.94","196.94","2011-11-22","Soon — follow up this month"
13569,"Potential Loyalists",17,2,"373.75","186.88","2011-11-22","Soon — follow up this month"
17297,"Potential Loyalists",17,1,"131.78","131.78","2011-11-22","Soon — follow up this month"
12465,"Potential Loyalists",17,2,"742.19","371.10","2011-11-22","Soon — follow up this month"
18249,"Potential Loyalists",17,1,"95.34","95.34","2011-11-22","Soon — follow up this month"
12452,"Potential Loyalists",17,2,"430.57","215.29","2011-11-23","Soon — follow up this month"
12904,"Potential Loyalists",18,2,"509.58","254.79","2011-11-21","Soon — follow up this month"
17010,"Potential Loyalists",18,1,"195.36","195.36","2011-11-21","Soon — follow up this month"
14424,"Potential Loyalists",18,1,"322.08","322.08","2011-11-22","Soon — follow up this month"
16956,"Potential Loyalists",18,1,"308.74","308.74","2011-11-22","Soon — follow up this month"
17600,"Potential Loyalists",18,1,"161.67","161.67","2011-11-22","Soon — follow up this month"
13739,"Potential Loyalists",18,1,"216.90","216.90","2011-11-21","Soon — follow up this month"
13403,"Potential Loyalists",18,1,"75.00","75.00","2011-11-22","Soon — follow up this month"
13363,"Potential Loyalists",18,2,"992.50","496.25","2011-11-22","Soon — follow up this month"
12504,"Potential Loyalists",18,2,"482.05","241.03","2011-11-21","Soon — follow up this month"
17253,"Potential Loyalists",18,1,"178.26","178.26","2011-11-21","Soon — follow up this month"
15699,"Potential Loyalists",18,1,"309.65","309.65","2011-11-22","Soon — follow up this month"
15115,"Potential Loyalists",18,1,"340.11","340.11","2011-11-21","Soon — follow up this month"
12349,"Potential Loyalists",19,1,"1757.55","1757.55","2011-11-21","Soon — follow up this month"
12462,"Potential Loyalists",19,2,"1189.59","594.79","2011-11-21","Soon — follow up this month"
12658,"Potential Loyalists",19,1,"686.05","686.05","2011-11-21","Soon — follow up this month"
12795,"Potential Loyalists",19,1,"430.48","430.48","2011-11-21","Soon — follow up this month"
12984,"Potential Loyalists",19,1,"97.50","97.50","2011-11-21","Soon — follow up this month"
13142,"Potential Loyalists",19,1,"307.09","307.09","2011-11-20","Soon — follow up this month"
13189,"Potential Loyalists",19,2,"260.68","130.34","2011-11-21","Soon — follow up this month"
13430,"Potential Loyalists",19,2,"679.45","339.73","2011-11-21","Soon — follow up this month"
13565,"Potential Loyalists",19,2,"240.22","120.11","2011-11-20","Soon — follow up this month"
13673,"Potential Loyalists",19,2,"396.92","198.46","2011-11-21","Soon — follow up this month"
13823,"Potential Loyalists",19,2,"957.66","478.83","2011-11-21","Soon — follow up this month"
13832,"Potential Loyalists",19,1,"52.20","52.20","2011-11-20","Soon — follow up this month"
14300,"Potential Loyalists",19,1,"43.20","43.20","2011-11-21","Soon — follow up this month"
14860,"Potential Loyalists",19,1,"170.32","170.32","2011-11-20","Soon — follow up this month"
14950,"Potential Loyalists",19,1,"371.20","371.20","2011-11-20","Soon — follow up this month"
15567,"Potential Loyalists",19,1,"186.01","186.01","2011-11-21","Soon — follow up this month"
15645,"Potential Loyalists",19,1,"612.01","612.01","2011-11-21","Soon — follow up this month"
15857,"Potential Loyalists",19,1,"297.00","297.00","2011-11-21","Soon — follow up this month"
15988,"Potential Loyalists",19,1,"158.03","158.03","2011-11-20","Soon — follow up this month"
16366,"Potential Loyalists",19,1,"327.30","327.30","2011-11-21","Soon — follow up this month"
16406,"Potential Loyalists",19,1,"163.07","163.07","2011-11-21","Soon — follow up this month"
16666,"Potential Loyalists",19,1,"118.98","118.98","2011-11-20","Soon — follow up this month"
17561,"Potential Loyalists",19,1,"167.62","167.62","2011-11-20","Soon — follow up this month"
17636,"Potential Loyalists",19,1,"285.56","285.56","2011-11-20","Soon — follow up this month"
12702,"Potential Loyalists",20,1,"219.00","219.00","2011-11-20","Soon — follow up this month"
14881,"Potential Loyalists",20,1,"255.40","255.40","2011-11-20","Soon — follow up this month"
14052,"Potential Loyalists",20,1,"225.36","225.36","2011-11-20","Soon — follow up this month"
16784,"Potential Loyalists",20,1,"107.60","107.60","2011-11-20","Soon — follow up this month"
18110,"Potential Loyalists",20,1,"236.30","236.30","2011-11-20","Soon — follow up this month"
15368,"Potential Loyalists",21,1,"167.70","167.70","2011-11-18","Soon — follow up this month"
14793,"Potential Loyalists",21,1,"228.99","228.99","2011-11-18","Soon — follow up this month"
17650,"Potential Loyalists",21,1,"166.08","166.08","2011-11-18","Soon — follow up this month"
17904,"Potential Loyalists",21,1,"191.67","191.67","2011-11-18","Soon — follow up this month"
17301,"Potential Loyalists",21,1,"197.63","197.63","2011-11-18","Soon — follow up this month"
12578,"Potential Loyalists",21,2,"2794.51","1397.25","2011-11-18","Soon — follow up this month"
12406,"Potential Loyalists",22,2,"3415.30","1707.65","2011-11-17","Soon — follow up this month"
15435,"Potential Loyalists",22,1,"149.29","149.29","2011-11-17","Soon — follow up this month"
14362,"Potential Loyalists",22,1,"161.20","161.20","2011-11-17","Soon — follow up this month"
12847,"Potential Loyalists",22,1,"871.54","871.54","2011-11-17","Soon — follow up this month"
12603,"Potential Loyalists",22,1,"739.20","739.20","2011-11-18","Soon — follow up this month"
13160,"Potential Loyalists",22,1,"91.80","91.80","2011-11-17","Soon — follow up this month"
12391,"Potential Loyalists",22,1,"460.89","460.89","2011-11-18","Soon — follow up this month"
17286,"Potential Loyalists",22,1,"153.92","153.92","2011-11-18","Soon — follow up this month"
17985,"Potential Loyalists",22,1,"634.95","634.95","2011-11-17","Soon — follow up this month"
13828,"Potential Loyalists",22,1,"209.49","209.49","2011-11-17","Soon — follow up this month"
14641,"Potential Loyalists",22,1,"110.46","110.46","2011-11-18","Soon — follow up this month"
12445,"Potential Loyalists",22,1,"133.40","133.40","2011-11-17","Soon — follow up this month"
12618,"Potential Loyalists",22,1,"177.31","177.31","2011-11-18","Soon — follow up this month"
16204,"Potential Loyalists",23,1,"405.71","405.71","2011-11-16","Soon — follow up this month"
12991,"Potential Loyalists",23,2,"503.76","251.88","2011-11-16","Soon — follow up this month"
18006,"Potential Loyalists",23,1,"444.68","444.68","2011-11-16","Soon — follow up this month"
13926,"Potential Loyalists",23,1,"223.85","223.85","2011-11-16","Soon — follow up this month"
15432,"Potential Loyalists",23,1,"171.19","171.19","2011-11-16","Soon — follow up this month"
15657,"Potential Loyalists",23,1,"30.00","30.00","2011-11-17","Soon — follow up this month"
13028,"Potential Loyalists",23,2,"661.32","330.66","2011-11-17","Soon — follow up this month"
14666,"Potential Loyalists",24,1,"195.25","195.25","2011-11-15","Soon — follow up this month"
18181,"Potential Loyalists",24,1,"382.80","382.80","2011-11-15","Soon — follow up this month"
13449,"Potential Loyalists",24,1,"291.88","291.88","2011-11-16","Soon — follow up this month"
15269,"Potential Loyalists",24,1,"408.80","408.80","2011-11-16","Soon — follow up this month"
15556,"Potential Loyalists",24,1,"279.77","279.77","2011-11-15","Soon — follow up this month"
13066,"Potential Loyalists",24,2,"470.80","235.40","2011-11-15","Soon — follow up this month"
17680,"Potential Loyalists",24,1,"184.40","184.40","2011-11-16","Soon — follow up this month"
14714,"Potential Loyalists",24,1,"79.55","79.55","2011-11-15","Soon — follow up this month"
15720,"Potential Loyalists",24,1,"598.73","598.73","2011-11-15","Soon — follow up this month"
15900,"Potential Loyalists",24,1,"351.11","351.11","2011-11-16","Soon — follow up this month"
17153,"Potential Loyalists",24,1,"213.78","213.78","2011-11-15","Soon — follow up this month"
13816,"Potential Loyalists",24,2,"571.67","285.84","2011-11-16","Soon — follow up this month"
12890,"Potential Loyalists",24,1,"380.47","380.47","2011-11-15","Soon — follow up this month"
16423,"Potential Loyalists",25,1,"346.12","346.12","2011-11-15","Soon — follow up this month"
13236,"Potential Loyalists",25,2,"744.85","372.43","2011-11-15","Soon — follow up this month"
17510,"Potential Loyalists",25,1,"308.48","308.48","2011-11-15","Soon — follow up this month"
15524,"Potential Loyalists",25,1,"440.00","440.00","2011-11-15","Soon — follow up this month"
13455,"Potential Loyalists",25,2,"1058.34","529.17","2011-11-15","Soon — follow up this month"
15758,"Potential Loyalists",25,1,"205.25","205.25","2011-11-15","Soon — follow up this month"
14953,"Potential Loyalists",25,1,"289.82","289.82","2011-11-14","Soon — follow up this month"
15419,"Potential Loyalists",25,1,"135.86","135.86","2011-11-15","Soon — follow up this month"
15458,"Potential Loyalists",25,1,"161.64","161.64","2011-11-14","Soon — follow up this month"
16207,"Potential Loyalists",25,1,"394.38","394.38","2011-11-14","Soon — follow up this month"
16504,"Potential Loyalists",25,1,"484.38","484.38","2011-11-14","Soon — follow up this month"
17044,"Potential Loyalists",25,1,"739.68","739.68","2011-11-14","Soon — follow up this month"
17793,"Potential Loyalists",25,1,"323.04","323.04","2011-11-14","Soon — follow up this month"
12374,"Potential Loyalists",25,1,"742.93","742.93","2011-11-14","Soon — follow up this month"
14725,"Potential Loyalists",25,1,"718.08","718.08","2011-11-15","Soon — follow up this month"
12689,"Potential Loyalists",26,2,"1247.61","623.80","2011-11-14","Soon — follow up this month"
18082,"Potential Loyalists",26,1,"703.37","703.37","2011-11-14","Soon — follow up this month"
12865,"Potential Loyalists",26,2,"1568.23","784.11","2011-11-13","Soon — follow up this month"
16720,"Potential Loyalists",26,1,"155.24","155.24","2011-11-13","Soon — follow up this month"
17538,"Potential Loyalists",26,1,"98.42","98.42","2011-11-14","Soon — follow up this month"
13603,"Potential Loyalists",26,1,"164.34","164.34","2011-11-13","Soon — follow up this month"
12938,"Potential Loyalists",26,1,"114.14","114.14","2011-11-14","Soon — follow up this month"
16936,"Potential Loyalists",26,1,"262.68","262.68","2011-11-14","Soon — follow up this month"
13146,"Potential Loyalists",26,1,"228.91","228.91","2011-11-13","Soon — follow up this month"
14902,"Potential Loyalists",26,1,"332.66","332.66","2011-11-14","Soon — follow up this month"
18117,"Potential Loyalists",26,1,"320.72","320.72","2011-11-14","Soon — follow up this month"
14494,"Potential Loyalists",26,1,"139.56","139.56","2011-11-14","Soon — follow up this month"
15168,"Potential Loyalists",26,1,"106.56","106.56","2011-11-14","Soon — follow up this month"
14382,"Potential Loyalists",26,1,"618.07","618.07","2011-11-13","Soon — follow up this month"
12508,"Potential Loyalists",26,2,"398.27","199.13","2011-11-13","Soon — follow up this month"
13170,"Potential Loyalists",27,1,"116.01","116.01","2011-11-13","Soon — follow up this month"
14661,"Potential Loyalists",27,1,"107.95","107.95","2011-11-13","Soon — follow up this month"
13732,"Potential Loyalists",28,1,"491.86","491.86","2011-11-11","Soon — follow up this month"
13091,"Potential Loyalists",28,1,"345.82","345.82","2011-11-11","Soon — follow up this month"
15692,"Potential Loyalists",28,1,"191.04","191.04","2011-11-11","Soon — follow up this month"
17052,"Potential Loyalists",28,1,"413.75","413.75","2011-11-11","Soon — follow up this month"
16433,"Potential Loyalists",28,1,"184.26","184.26","2011-11-11","Soon — follow up this month"
13557,"Potential Loyalists",28,2,"584.06","292.03","2011-11-11","Soon — follow up this month"
18014,"Potential Loyalists",28,1,"166.42","166.42","2011-11-11","Soon — follow up this month"
17977,"Potential Loyalists",29,1,"288.14","288.14","2011-11-10","Soon — follow up this month"
13396,"Potential Loyalists",29,2,"1360.99","680.49","2011-11-10","Soon — follow up this month"
12384,"Potential Loyalists",29,2,"585.27","292.64","2011-11-11","Soon — follow up this month"
13460,"Potential Loyalists",29,2,"183.44","91.72","2011-11-10","Soon — follow up this month"
17901,"Potential Loyalists",29,1,"110.38","110.38","2011-11-10","Soon — follow up this month"
13727,"Potential Loyalists",29,2,"333.48","166.74","2011-11-11","Soon — follow up this month"
13817,"Potential Loyalists",29,2,"382.98","191.49","2011-11-10","Soon — follow up this month"
16903,"Potential Loyalists",29,1,"373.24","373.24","2011-11-10","Soon — follow up this month"
12538,"Potential Loyalists",29,1,"363.95","363.95","2011-11-10","Soon — follow up this month"
12589,"Potential Loyalists",29,2,"646.68","323.34","2011-11-11","Soon — follow up this month"
12844,"Potential Loyalists",29,2,"325.96","162.98","2011-11-10","Soon — follow up this month"
18209,"Potential Loyalists",29,1,"139.10","139.10","2011-11-11","Soon — follow up this month"
12617,"Potential Loyalists",29,1,"355.53","355.53","2011-11-10","Soon — follow up this month"
14789,"Potential Loyalists",29,1,"197.64","197.64","2011-11-11","Soon — follow up this month"
15557,"Potential Loyalists",29,1,"473.65","473.65","2011-11-11","Soon — follow up this month"
14863,"Potential Loyalists",29,1,"266.76","266.76","2011-11-10","Soon — follow up this month"
15463,"Potential Loyalists",29,1,"126.14","126.14","2011-11-10","Soon — follow up this month"
16025,"Potential Loyalists",30,1,"439.66","439.66","2011-11-10","Soon — follow up this month"
17197,"Potential Loyalists",30,1,"1013.01","1013.01","2011-11-10","Soon — follow up this month"
17791,"Potential Loyalists",30,1,"106.10","106.10","2011-11-10","Soon — follow up this month"
12659,"Potential Loyalists",30,1,"91.68","91.68","2011-11-10","Soon — follow up this month"
17011,"Potential Loyalists",30,1,"270.90","270.90","2011-11-09","Soon — follow up this month"
16516,"Potential Loyalists",30,1,"101.70","101.70","2011-11-09","Soon — follow up this month"
15986,"Potential Loyalists",30,1,"168.12","168.12","2011-11-09","Soon — follow up this month"
14968,"Potential Loyalists",30,1,"147.59","147.59","2011-11-09","Soon — follow up this month"
16953,"Potential Loyalists",30,1,"20.80","20.80","2011-11-09","Soon — follow up this month"
15450,"Potential Loyalists",30,1,"429.84","429.84","2011-11-09","Soon — follow up this month"
16986,"Potential Loyalists",30,1,"83.20","83.20","2011-11-09","Soon — follow up this month"
17038,"Potential Loyalists",30,1,"112.40","112.40","2011-11-09","Soon — follow up this month"
13522,"Potential Loyalists",30,1,"125.80","125.80","2011-11-09","Soon — follow up this month"
12981,"Potential Loyalists",30,2,"372.22","186.11","2011-11-10","Soon — follow up this month"
18274,"Potential Loyalists",30,1,"175.92","175.92","2011-11-09","Soon — follow up this month"
13992,"Potential Loyalists",30,1,"76.80","76.80","2011-11-09","Soon — follow up this month"
12532,"Potential Loyalists",30,1,"349.83","349.83","2011-11-09","Soon — follow up this month"
15043,"Potential Loyalists",31,1,"537.00","537.00","2011-11-08","Standard — include in next campaign"
18216,"Potential Loyalists",31,1,"481.75","481.75","2011-11-08","Standard — include in next campaign"
16751,"Potential Loyalists",31,1,"515.52","515.52","2011-11-09","Standard — include in next campaign"
12893,"Potential Loyalists",31,1,"188.14","188.14","2011-11-09","Standard — include in next campaign"
12849,"Potential Loyalists",31,2,"1050.89","525.45","2011-11-08","Standard — include in next campaign"
17313,"Potential Loyalists",31,1,"2328.84","2328.84","2011-11-08","Standard — include in next campaign"
15153,"Potential Loyalists",31,1,"329.25","329.25","2011-11-08","Standard — include in next campaign"
17022,"Potential Loyalists",31,1,"71.00","71.00","2011-11-08","Standard — include in next campaign"
13046,"Potential Loyalists",31,2,"629.31","314.65","2011-11-09","Standard — include in next campaign"
13272,"Potential Loyalists",31,2,"276.56","138.28","2011-11-08","Standard — include in next campaign"
15957,"Potential Loyalists",32,1,"428.89","428.89","2011-11-08","Standard — include in next campaign"
14073,"Potential Loyalists",32,1,"151.04","151.04","2011-11-07","Standard — include in next campaign"
13329,"Potential Loyalists",32,2,"789.00","394.50","2011-11-08","Standard — include in next campaign"
14929,"Potential Loyalists",32,1,"223.88","223.88","2011-11-07","Standard — include in next campaign"
17219,"Potential Loyalists",32,1,"114.23","114.23","2011-11-08","Standard — include in next campaign"
12832,"Potential Loyalists",32,2,"383.03","191.51","2011-11-07","Standard — include in next campaign"
13710,"Potential Loyalists",32,1,"180.48","180.48","2011-11-08","Standard — include in next campaign"
16732,"Potential Loyalists",32,1,"603.75","603.75","2011-11-08","Standard — include in next campaign"
17831,"Potential Loyalists",33,1,"35.40","35.40","2011-11-06","Standard — include in next campaign"
14174,"Potential Loyalists",33,1,"134.46","134.46","2011-11-06","Standard — include in next campaign"
17761,"Potential Loyalists",33,1,"712.78","712.78","2011-11-07","Standard — include in next campaign"
12638,"Potential Loyalists",33,1,"671.69","671.69","2011-11-06","Standard — include in next campaign"
15870,"Potential Loyalists",33,1,"354.09","354.09","2011-11-07","Standard — include in next campaign"
14039,"Potential Loyalists",33,1,"152.20","152.20","2011-11-06","Standard — include in next campaign"
13759,"Potential Loyalists",33,2,"659.41","329.70","2011-11-06","Standard — include in next campaign"
14080,"Potential Loyalists",33,1,"45.60","45.60","2011-11-07","Standard — include in next campaign"
15025,"Potential Loyalists",33,1,"377.01","377.01","2011-11-06","Standard — include in next campaign"
17623,"Potential Loyalists",33,1,"527.05","527.05","2011-11-07","Standard — include in next campaign"
12357,"Potential Loyalists",33,1,"6207.67","6207.67","2011-11-06","Standard — include in next campaign"
12838,"Potential Loyalists",34,2,"683.13","341.56","2011-11-06","Standard — include in next campaign"
13365,"Potential Loyalists",34,2,"2225.37","1112.69","2011-11-06","Standard — include in next campaign"
16445,"Potential Loyalists",34,1,"230.51","230.51","2011-11-06","Standard — include in next campaign"
13532,"Potential Loyalists",34,1,"210.31","210.31","2011-11-06","Standard — include in next campaign"
15017,"Potential Loyalists",34,1,"125.58","125.58","2011-11-06","Standard — include in next campaign"
16318,"Potential Loyalists",35,1,"328.15","328.15","2011-11-04","Standard — include in next campaign"
15597,"Potential Loyalists",35,1,"324.57","324.57","2011-11-04","Standard — include in next campaign"
13938,"Potential Loyalists",35,1,"71.66","71.66","2011-11-04","Standard — include in next campaign"
16887,"Potential Loyalists",35,1,"194.88","194.88","2011-11-04","Standard — include in next campaign"
13651,"Potential Loyalists",35,2,"94.20","47.10","2011-11-04","Standard — include in next campaign"
17233,"Potential Loyalists",35,1,"190.88","190.88","2011-11-04","Standard — include in next campaign"
17274,"Potential Loyalists",35,1,"111.98","111.98","2011-11-04","Standard — include in next campaign"
12944,"Potential Loyalists",36,2,"604.51","302.25","2011-11-04","Standard — include in next campaign"
16602,"Potential Loyalists",36,1,"528.08","528.08","2011-11-03","Standard — include in next campaign"
13721,"Potential Loyalists",36,1,"524.14","524.14","2011-11-03","Standard — include in next campaign"
15010,"Potential Loyalists",36,1,"308.94","308.94","2011-11-04","Standard — include in next campaign"
17403,"Potential Loyalists",36,1,"281.62","281.62","2011-11-03","Standard — include in next campaign"
12397,"Potential Loyalists",36,2,"2409.90","1204.95","2011-11-04","Standard — include in next campaign"
18022,"Potential Loyalists",36,1,"668.11","668.11","2011-11-04","Standard — include in next campaign"
16914,"Potential Loyalists",36,1,"208.46","208.46","2011-11-03","Standard — include in next campaign"
12544,"Potential Loyalists",36,1,"372.70","372.70","2011-11-03","Standard — include in next campaign"
13271,"Potential Loyalists",37,1,"217.38","217.38","2011-11-02","Standard — include in next campaign"
16337,"Potential Loyalists",37,1,"151.05","151.05","2011-11-03","Standard — include in next campaign"
14528,"Potential Loyalists",37,1,"364.22","364.22","2011-11-02","Standard — include in next campaign"
18104,"Potential Loyalists",37,1,"754.64","754.64","2011-11-02","Standard — include in next campaign"
13904,"Potential Loyalists",37,2,"332.64","166.32","2011-11-02","Standard — include in next campaign"
18164,"Potential Loyalists",37,1,"399.65","399.65","2011-11-02","Standard — include in next campaign"
15551,"Potential Loyalists",37,1,"436.06","436.06","2011-11-03","Standard — include in next campaign"
14098,"Potential Loyalists",37,1,"147.35","147.35","2011-11-03","Standard — include in next campaign"
14974,"Potential Loyalists",37,1,"114.39","114.39","2011-11-02","Standard — include in next campaign"
17947,"Potential Loyalists",37,1,"176.68","176.68","2011-11-02","Standard — include in next campaign"
16971,"Potential Loyalists",38,1,"357.21","357.21","2011-11-01","Standard — include in next campaign"
15576,"Potential Loyalists",38,1,"940.67","940.67","2011-11-02","Standard — include in next campaign"
15423,"Potential Loyalists",38,1,"43.50","43.50","2011-11-01","Standard — include in next campaign"
18105,"Potential Loyalists",38,1,"113.48","113.48","2011-11-02","Standard — include in next campaign"
15275,"Potential Loyalists",38,1,"615.14","615.14","2011-11-02","Standard — include in next campaign"
15830,"Potential Loyalists",38,1,"576.00","576.00","2011-11-02","Standard — include in next campaign"
13726,"Potential Loyalists",39,2,"1079.66","539.83","2011-11-01","Standard — include in next campaign"
14345,"Potential Loyalists",39,1,"108.98","108.98","2011-11-01","Standard — include in next campaign"
16127,"Potential Loyalists",39,1,"656.25","656.25","2011-10-31","Standard — include in next campaign"
12552,"Potential Loyalists",39,2,"437.82","218.91","2011-11-01","Standard — include in next campaign"
12588,"Potential Loyalists",39,1,"214.90","214.90","2011-10-31","Standard — include in next campaign"
13868,"Potential Loyalists",39,1,"507.54","507.54","2011-11-01","Standard — include in next campaign"
14485,"Potential Loyalists",39,1,"165.75","165.75","2011-11-01","Standard — include in next campaign"
12522,"Potential Loyalists",39,2,"192.72","96.36","2011-10-31","Standard — include in next campaign"
12491,"Potential Loyalists",39,1,"460.40","460.40","2011-11-01","Standard — include in next campaign"
13697,"Potential Loyalists",39,1,"151.30","151.30","2011-11-01","Standard — include in next campaign"
13292,"Potential Loyalists",39,2,"578.94","289.47","2011-11-01","Standard — include in next campaign"
16830,"Potential Loyalists",39,1,"325.91","325.91","2011-11-01","Standard — include in next campaign"
16190,"Potential Loyalists",40,1,"215.08","215.08","2011-10-30","Standard — include in next campaign"
13421,"Potential Loyalists",40,2,"1851.08","925.54","2011-10-30","Standard — include in next campaign"
13103,"Potential Loyalists",40,1,"243.94","243.94","2011-10-31","Standard — include in next campaign"
13544,"Potential Loyalists",40,2,"291.41","145.70","2011-10-31","Standard — include in next campaign"
13607,"Potential Loyalists",40,1,"678.01","678.01","2011-10-30","Standard — include in next campaign"
14158,"Potential Loyalists",40,1,"507.66","507.66","2011-10-30","Standard — include in next campaign"
14295,"Potential Loyalists",40,1,"166.20","166.20","2011-10-30","Standard — include in next campaign"
15360,"Potential Loyalists",40,1,"427.93","427.93","2011-10-31","Standard — include in next campaign"
15385,"Potential Loyalists",40,1,"316.88","316.88","2011-10-30","Standard — include in next campaign"
15667,"Potential Loyalists",40,1,"301.32","301.32","2011-10-31","Standard — include in next campaign"
15748,"Potential Loyalists",40,1,"149.31","149.31","2011-10-30","Standard — include in next campaign"
12581,"Potential Loyalists",40,1,"197.71","197.71","2011-10-31","Standard — include in next campaign"
12571,"Potential Loyalists",40,2,"519.61","259.80","2011-10-31","Standard — include in next campaign"
18067,"Potential Loyalists",40,1,"396.33","396.33","2011-10-30","Standard — include in next campaign"
13566,"Potential Loyalists",41,2,"874.71","437.35","2011-10-30","Standard — include in next campaign"
16601,"Potential Loyalists",41,1,"244.80","244.80","2011-10-30","Standard — include in next campaign"
14582,"Potential Loyalists",41,1,"114.11","114.11","2011-10-30","Standard — include in next campaign"
13278,"Potential Loyalists",41,1,"542.73","542.73","2011-10-30","Standard — include in next campaign"
17839,"Potential Loyalists",42,1,"338.80","338.80","2011-10-28","Standard — include in next campaign"
12895,"Potential Loyalists",42,2,"372.80","186.40","2011-10-28","Standard — include in next campaign"
16680,"Potential Loyalists",43,1,"183.70","183.70","2011-10-27","Standard — include in next campaign"
14218,"Potential Loyalists",43,1,"169.48","169.48","2011-10-28","Standard — include in next campaign"
16648,"Potential Loyalists",43,1,"290.66","290.66","2011-10-28","Standard — include in next campaign"
15096,"Potential Loyalists",43,1,"219.39","219.39","2011-10-28","Standard — include in next campaign"
12430,"Potential Loyalists",43,1,"256.40","256.40","2011-10-27","Standard — include in next campaign"
14357,"Potential Loyalists",43,1,"225.77","225.77","2011-10-27","Standard — include in next campaign"
16847,"Potential Loyalists",43,1,"193.44","193.44","2011-10-27","Standard — include in next campaign"
16026,"Potential Loyalists",43,1,"236.09","236.09","2011-10-27","Standard — include in next campaign"
14752,"Potential Loyalists",44,1,"180.84","180.84","2011-10-27","Standard — include in next campaign"
15659,"Potential Loyalists",44,1,"306.45","306.45","2011-10-27","Standard — include in next campaign"
17684,"Potential Loyalists",44,1,"239.41","239.41","2011-10-27","Standard — include in next campaign"
15320,"Potential Loyalists",44,1,"197.53","197.53","2011-10-26","Standard — include in next campaign"
16415,"Potential Loyalists",44,1,"210.35","210.35","2011-10-26","Standard — include in next campaign"
12448,"Potential Loyalists",44,1,"449.45","449.45","2011-10-26","Standard — include in next campaign"
16345,"Potential Loyalists",44,1,"575.41","575.41","2011-10-26","Standard — include in next campaign"
17878,"Potential Loyalists",44,1,"379.45","379.45","2011-10-27","Standard — include in next campaign"
17895,"Potential Loyalists",44,1,"98.00","98.00","2011-10-26","Standard — include in next campaign"
18276,"Potential Loyalists",44,1,"335.86","335.86","2011-10-27","Standard — include in next campaign"
13416,"Potential Loyalists",44,2,"712.50","356.25","2011-10-27","Standard — include in next campaign"
14598,"Potential Loyalists",44,1,"221.97","221.97","2011-10-26","Standard — include in next campaign"
13182,"Potential Loyalists",45,1,"121.18","121.18","2011-10-25","Standard — include in next campaign"
15158,"Potential Loyalists",45,1,"401.40","401.40","2011-10-25","Standard — include in next campaign"
12812,"Potential Loyalists",45,1,"229.64","229.64","2011-10-26","Standard — include in next campaign"
17712,"Potential Loyalists",45,1,"522.91","522.91","2011-10-26","Standard — include in next campaign"
12371,"Potential Loyalists",45,2,"1887.96","943.98","2011-10-26","Standard — include in next campaign"
18045,"Potential Loyalists",45,1,"189.40","189.40","2011-10-25","Standard — include in next campaign"
16071,"Potential Loyalists",45,1,"326.24","326.24","2011-10-26","Standard — include in next campaign"
13601,"Potential Loyalists",45,2,"693.32","346.66","2011-10-25","Standard — include in next campaign"
16056,"Potential Loyalists",45,1,"664.85","664.85","2011-10-25","Standard — include in next campaign"
16708,"Potential Loyalists",46,1,"656.63","656.63","2011-10-25","Standard — include in next campaign"
15142,"Potential Loyalists",46,1,"498.74","498.74","2011-10-24","Standard — include in next campaign"
13165,"Potential Loyalists",46,2,"1021.48","510.74","2011-10-24","Standard — include in next campaign"
13176,"Potential Loyalists",46,1,"492.84","492.84","2011-10-24","Standard — include in next campaign"
15844,"Potential Loyalists",46,1,"130.74","130.74","2011-10-24","Standard — include in next campaign"
14474,"Potential Loyalists",46,1,"547.66","547.66","2011-10-24","Standard — include in next campaign"
12398,"Potential Loyalists",46,1,"1635.66","1635.66","2011-10-25","Standard — include in next campaign"
18240,"Potential Loyalists",46,1,"422.58","422.58","2011-10-24","Standard — include in next campaign"
14139,"Potential Loyalists",46,1,"415.82","415.82","2011-10-24","Standard — include in next campaign"
15345,"Potential Loyalists",46,1,"393.54","393.54","2011-10-25","Standard — include in next campaign"
17344,"Potential Loyalists",46,1,"160.57","160.57","2011-10-24","Standard — include in next campaign"
13598,"Potential Loyalists",47,1,"180.17","180.17","2011-10-23","Standard — include in next campaign"
17836,"Potential Loyalists",47,1,"110.21","110.21","2011-10-23","Standard — include in next campaign"
15277,"Potential Loyalists",47,1,"255.90","255.90","2011-10-24","Standard — include in next campaign"
16017,"Potential Loyalists",47,1,"211.88","211.88","2011-10-23","Standard — include in next campaign"
14764,"Potential Loyalists",47,1,"278.30","278.30","2011-10-24","Standard — include in next campaign"
12546,"Potential Loyalists",47,2,"1161.50","580.75","2011-10-24","Standard — include in next campaign"
16742,"Potential Loyalists",47,1,"464.90","464.90","2011-10-24","Standard — include in next campaign"
15592,"Potential Loyalists",47,1,"388.58","388.58","2011-10-24","Standard — include in next campaign"
16491,"Potential Loyalists",47,1,"731.50","731.50","2011-10-24","Standard — include in next campaign"
17111,"Potential Loyalists",47,1,"248.61","248.61","2011-10-23","Standard — include in next campaign"
15000,"Potential Loyalists",48,1,"490.52","490.52","2011-10-23","Standard — include in next campaign"
15677,"Potential Loyalists",49,1,"657.23","657.23","2011-10-21","Standard — include in next campaign"
15740,"Potential Loyalists",49,1,"154.88","154.88","2011-10-21","Standard — include in next campaign"
13974,"Potential Loyalists",49,1,"413.59","413.59","2011-10-21","Standard — include in next campaign"
13761,"Potential Loyalists",50,2,"1070.65","535.33","2011-10-20","Standard — include in next campaign"
17832,"Potential Loyalists",50,1,"155.37","155.37","2011-10-21","Standard — include in next campaign"
13897,"Potential Loyalists",50,1,"311.16","311.16","2011-10-20","Standard — include in next campaign"
15286,"Potential Loyalists",50,1,"240.55","240.55","2011-10-21","Standard — include in next campaign"
14585,"Potential Loyalists",50,1,"157.05","157.05","2011-10-20","Standard — include in next campaign"
15836,"Potential Loyalists",50,1,"137.37","137.37","2011-10-20","Standard — include in next campaign"
14484,"Potential Loyalists",50,1,"321.92","321.92","2011-10-20","Standard — include in next campaign"
13918,"Potential Loyalists",50,2,"828.84","414.42","2011-10-21","Standard — include in next campaign"
13573,"Potential Loyalists",50,2,"271.36","135.68","2011-10-20","Standard — include in next campaign"
12556,"Potential Loyalists",50,2,"603.71","301.85","2011-10-20","Standard — include in next campaign"
14967,"Potential Loyalists",50,1,"463.80","463.80","2011-10-21","Standard — include in next campaign"
13917,"Potential Loyalists",50,2,"272.04","136.02","2011-10-21","Standard — include in next campaign"
16177,"Potential Loyalists",50,1,"331.95","331.95","2011-10-20","Standard — include in next campaign"
17125,"Potential Loyalists",50,1,"259.35","259.35","2011-10-20","Standard — include in next campaign"
16846,"Potential Loyalists",50,1,"214.32","214.32","2011-10-20","Standard — include in next campaign"
12403,"Potential Loyalists",50,1,"427.70","427.70","2011-10-21","Standard — include in next campaign"
17354,"Potential Loyalists",51,1,"1393.06","1393.06","2011-10-20","Standard — include in next campaign"
14923,"Potential Loyalists",51,1,"749.10","749.10","2011-10-20","Standard — include in next campaign"
13669,"Potential Loyalists",51,2,"218.55","109.28","2011-10-20","Standard — include in next campaign"
15006,"Potential Loyalists",51,1,"502.09","502.09","2011-10-19","Standard — include in next campaign"
16260,"Potential Loyalists",51,1,"1035.45","1035.45","2011-10-20","Standard — include in next campaign"
17824,"Potential Loyalists",51,1,"256.64","256.64","2011-10-19","Standard — include in next campaign"
13245,"Potential Loyalists",51,1,"430.50","430.50","2011-10-20","Standard — include in next campaign"
15803,"Potential Loyalists",51,1,"415.82","415.82","2011-10-19","Standard — include in next campaign"
15664,"Potential Loyalists",51,1,"386.43","386.43","2011-10-20","Standard — include in next campaign"
16826,"Potential Loyalists",51,1,"341.70","341.70","2011-10-19","Standard — include in next campaign"
14638,"Potential Loyalists",51,1,"443.60","443.60","2011-10-20","Standard — include in next campaign"
14799,"Potential Loyalists",51,1,"157.70","157.70","2011-10-19","Standard — include in next campaign"
12596,"Potential Loyalists",51,2,"618.27","309.13","2011-10-19","Standard — include in next campaign"
13032,"Potential Loyalists",52,2,"1010.18","505.09","2011-10-18","Standard — include in next campaign"
14861,"Potential Loyalists",52,1,"125.79","125.79","2011-10-18","Standard — include in next campaign"
18019,"Potential Loyalists",52,1,"38.45","38.45","2011-10-19","Standard — include in next campaign"
15853,"Potential Loyalists",52,1,"110.80","110.80","2011-10-19","Standard — include in next campaign"
13849,"Potential Loyalists",52,2,"1537.95","768.98","2011-10-19","Standard — include in next campaign"
16123,"Potential Loyalists",52,1,"307.78","307.78","2011-10-19","Standard — include in next campaign"
13805,"Potential Loyalists",52,2,"563.00","281.50","2011-10-18","Standard — include in next campaign"
15610,"Potential Loyalists",52,1,"112.46","112.46","2011-10-19","Standard — include in next campaign"
12611,"Potential Loyalists",52,1,"1049.32","1049.32","2011-10-18","Standard — include in next campaign"
12863,"Potential Loyalists",52,1,"521.20","521.20","2011-10-18","Standard — include in next campaign"
14381,"Potential Loyalists",52,1,"202.68","202.68","2011-10-18","Standard — include in next campaign"
15604,"Potential Loyalists",52,1,"216.39","216.39","2011-10-18","Standard — include in next campaign"
17148,"Potential Loyalists",52,1,"124.88","124.88","2011-10-19","Standard — include in next campaign"
17973,"Potential Loyalists",52,1,"337.04","337.04","2011-10-19","Standard — include in next campaign"
13594,"Potential Loyalists",53,1,"396.97","396.97","2011-10-18","Standard — include in next campaign"
15678,"Potential Loyalists",53,1,"352.70","352.70","2011-10-18","Standard — include in next campaign"
17206,"Potential Loyalists",53,1,"204.24","204.24","2011-10-17","Standard — include in next campaign"
17244,"Potential Loyalists",53,1,"954.90","954.90","2011-10-17","Standard — include in next campaign"
14830,"Potential Loyalists",53,1,"197.13","197.13","2011-10-17","Standard — include in next campaign"
12794,"Potential Loyalists",53,2,"860.41","430.20","2011-10-17","Standard — include in next campaign"
15066,"Potential Loyalists",53,1,"893.59","893.59","2011-10-17","Standard — include in next campaign"
16363,"Potential Loyalists",53,1,"109.36","109.36","2011-10-17","Standard — include in next campaign"
16848,"Potential Loyalists",53,1,"281.42","281.42","2011-10-18","Standard — include in next campaign"
17785,"Potential Loyalists",53,1,"131.94","131.94","2011-10-17","Standard — include in next campaign"
14015,"Potential Loyalists",53,1,"917.34","917.34","2011-10-18","Standard — include in next campaign"
16932,"Potential Loyalists",53,1,"161.94","161.94","2011-10-17","Standard — include in next campaign"
15327,"Potential Loyalists",53,1,"208.75","208.75","2011-10-18","Standard — include in next campaign"
15598,"Potential Loyalists",53,1,"240.68","240.68","2011-10-17","Standard — include in next campaign"
15637,"Potential Loyalists",53,1,"223.36","223.36","2011-10-18","Standard — include in next campaign"
15335,"Potential Loyalists",54,1,"173.97","173.97","2011-10-17","Standard — include in next campaign"
16052,"Potential Loyalists",54,1,"362.06","362.06","2011-10-16","Standard — include in next campaign"
17201,"Potential Loyalists",54,1,"342.63","342.63","2011-10-17","Standard — include in next campaign"
17534,"Potential Loyalists",54,1,"223.36","223.36","2011-10-17","Standard — include in next campaign"
13760,"Potential Loyalists",54,2,"286.79","143.40","2011-10-16","Standard — include in next campaign"
17520,"Potential Loyalists",54,1,"546.81","546.81","2011-10-17","Standard — include in next campaign"
16412,"Potential Loyalists",54,1,"151.83","151.83","2011-10-17","Standard — include in next campaign"
12475,"Potential Loyalists",54,1,"723.38","723.38","2011-10-17","Standard — include in next campaign"
17205,"Potential Loyalists",54,1,"251.60","251.60","2011-10-17","Standard — include in next campaign"
18042,"Potential Loyalists",54,1,"165.05","165.05","2011-10-17","Standard — include in next campaign"
13923,"Potential Loyalists",54,1,"351.13","351.13","2011-10-17","Standard — include in next campaign"
16542,"Potential Loyalists",54,1,"119.62","119.62","2011-10-17","Standard — include in next campaign"
16563,"Potential Loyalists",54,1,"845.74","845.74","2011-10-17","Standard — include in next campaign"
12940,"Potential Loyalists",55,2,"913.54","456.77","2011-10-16","Standard — include in next campaign"
15994,"Potential Loyalists",55,1,"427.07","427.07","2011-10-16","Standard — include in next campaign"
13034,"Potential Loyalists",55,2,"642.77","321.38","2011-10-16","Standard — include in next campaign"
13878,"Potential Loyalists",55,1,"1281.53","1281.53","2011-10-16","Standard — include in next campaign"
12454,"Potential Loyalists",56,1,"2918.34","2918.34","2011-10-14","Standard — include in next campaign"
17986,"Potential Loyalists",56,1,"20.80","20.80","2011-10-14","Standard — include in next campaign"
13006,"Potential Loyalists",56,1,"81.57","81.57","2011-10-14","Standard — include in next campaign"
16773,"Potential Loyalists",57,1,"171.59","171.59","2011-10-13","Standard — include in next campaign"
13858,"Potential Loyalists",57,1,"216.17","216.17","2011-10-13","Standard — include in next campaign"
16413,"Potential Loyalists",57,1,"262.20","262.20","2011-10-14","Standard — include in next campaign"
14975,"Potential Loyalists",57,1,"279.94","279.94","2011-10-13","Standard — include in next campaign"
16793,"Potential Loyalists",57,1,"243.84","243.84","2011-10-13","Standard — include in next campaign"
13853,"Potential Loyalists",57,1,"1090.14","1090.14","2011-10-13","Standard — include in next campaign"
14089,"Potential Loyalists",57,1,"161.00","161.00","2011-10-14","Standard — include in next campaign"
16430,"Potential Loyalists",57,1,"300.85","300.85","2011-10-13","Standard — include in next campaign"
17614,"Potential Loyalists",57,1,"390.07","390.07","2011-10-13","Standard — include in next campaign"
12631,"Potential Loyalists",57,1,"640.50","640.50","2011-10-13","Standard — include in next campaign"
13464,"Potential Loyalists",58,1,"674.68","674.68","2011-10-12","Standard — include in next campaign"
12667,"Potential Loyalists",58,1,"620.13","620.13","2011-10-12","Standard — include in next campaign"
12876,"Potential Loyalists",58,2,"2218.02","1109.01","2011-10-13","Standard — include in next campaign"
18277,"Potential Loyalists",58,1,"110.38","110.38","2011-10-12","Standard — include in next campaign"
14537,"Potential Loyalists",58,1,"355.56","355.56","2011-10-13","Standard — include in next campaign"
17279,"Potential Loyalists",58,1,"187.83","187.83","2011-10-13","Standard — include in next campaign"
13930,"Potential Loyalists",58,2,"337.34","168.67","2011-10-13","Standard — include in next campaign"
16753,"Potential Loyalists",58,1,"223.92","223.92","2011-10-12","Standard — include in next campaign"
12446,"Potential Loyalists",58,1,"1002.31","1002.31","2011-10-13","Standard — include in next campaign"
12602,"Potential Loyalists",59,1,"153.12","153.12","2011-10-12","Standard — include in next campaign"
13919,"Potential Loyalists",59,2,"384.81","192.41","2011-10-11","Standard — include in next campaign"
14642,"Potential Loyalists",59,1,"96.12","96.12","2011-10-12","Standard — include in next campaign"
13690,"Potential Loyalists",59,1,"172.25","172.25","2011-10-11","Standard — include in next campaign"
16171,"Potential Loyalists",59,1,"73.20","73.20","2011-10-11","Standard — include in next campaign"
15886,"Potential Loyalists",60,1,"181.09","181.09","2011-10-10","Standard — include in next campaign"
12772,"Potential Loyalists",60,1,"892.47","892.47","2011-10-11","Standard — include in next campaign"
13283,"Potential Loyalists",60,2,"93.66","46.83","2011-10-11","Standard — include in next campaign"
15553,"Potential Loyalists",60,1,"437.23","437.23","2011-10-10","Standard — include in next campaign"
12824,"Potential Loyalists",60,1,"397.12","397.12","2011-10-11","Standard — include in next campaign"
12607,"Potential Loyalists",60,1,"1579.51","1579.51","2011-10-10","Standard — include in next campaign"
13109,"Potential Loyalists",60,2,"786.54","393.27","2011-10-11","Standard — include in next campaign"
13980,"Potential Loyalists",60,1,"200.14","200.14","2011-10-10","Standard — include in next campaign"
16776,"Potential Loyalists",60,1,"388.28","388.28","2011-10-10","Standard — include in next campaign"
17620,"Potential Loyalists",60,1,"81.44","81.44","2011-10-11","Standard — include in next campaign"
13352,"Potential Loyalists",60,1,"397.98","397.98","2011-10-10","Standard — include in next campaign"
13224,"Potential Loyalists",60,2,"2100.27","1050.13","2011-10-10","Standard — include in next campaign"
16595,"Potential Loyalists",61,1,"360.16","360.16","2011-10-09","Standard — include in next campaign"
14027,"Potential Loyalists",61,1,"104.82","104.82","2011-10-10","Standard — include in next campaign"
16380,"Potential Loyalists",61,1,"974.43","974.43","2011-10-09","Standard — include in next campaign"
18126,"Potential Loyalists",61,1,"206.83","206.83","2011-10-10","Standard — include in next campaign"
13193,"Potential Loyalists",61,1,"117.88","117.88","2011-10-09","Standard — include in next campaign"
18088,"Potential Loyalists",61,1,"167.67","167.67","2011-10-09","Standard — include in next campaign"
14801,"Potential Loyalists",61,1,"193.14","193.14","2011-10-09","Standard — include in next campaign"
13260,"Potential Loyalists",61,1,"557.62","557.62","2011-10-09","Standard — include in next campaign"
16982,"Potential Loyalists",61,1,"384.06","384.06","2011-10-10","Standard — include in next campaign"
16921,"Potential Loyalists",61,1,"169.79","169.79","2011-10-09","Standard — include in next campaign"
18169,"Potential Loyalists",61,1,"202.65","202.65","2011-10-10","Standard — include in next campaign"
13473,"Potential Loyalists",61,2,"422.64","211.32","2011-10-10","Standard — include in next campaign"
16179,"Potential Loyalists",61,1,"215.83","215.83","2011-10-10","Standard — include in next campaign"
15193,"Potential Loyalists",61,1,"499.32","499.32","2011-10-10","Standard — include in next campaign"
16104,"Potential Loyalists",62,1,"302.36","302.36","2011-10-09","Standard — include in next campaign"
16248,"Potential Loyalists",62,1,"152.94","152.94","2011-10-09","Standard — include in next campaign"
13259,"Potential Loyalists",62,1,"292.32","292.32","2011-10-09","Standard — include in next campaign"
13689,"Potential Loyalists",63,1,"910.00","910.00","2011-10-07","Standard — include in next campaign"
12492,"Potential Loyalists",63,2,"263.21","131.61","2011-10-07","Standard — include in next campaign"
13763,"Potential Loyalists",63,1,"1714.96","1714.96","2011-10-07","Standard — include in next campaign"
17030,"Potential Loyalists",64,1,"146.87","146.87","2011-10-07","Standard — include in next campaign"
12740,"Potential Loyalists",64,1,"427.60","427.60","2011-10-07","Standard — include in next campaign"
15300,"Potential Loyalists",64,1,"496.44","496.44","2011-10-06","Standard — include in next campaign"
12781,"Potential Loyalists",64,2,"826.74","413.37","2011-10-07","Standard — include in next campaign"
14792,"Potential Loyalists",64,1,"6.20","6.20","2011-10-07","Standard — include in next campaign"
15766,"Potential Loyalists",64,1,"315.06","315.06","2011-10-06","Standard — include in next campaign"
15937,"Potential Loyalists",64,1,"145.35","145.35","2011-10-06","Standard — include in next campaign"
14518,"Potential Loyalists",64,1,"174.37","174.37","2011-10-06","Standard — include in next campaign"
16432,"Potential Loyalists",64,1,"143.40","143.40","2011-10-06","Standard — include in next campaign"
12923,"Potential Loyalists",64,1,"176.97","176.97","2011-10-06","Standard — include in next campaign"
13876,"Potential Loyalists",64,1,"122.70","122.70","2011-10-07","Standard — include in next campaign"
12519,"Potential Loyalists",64,1,"340.84","340.84","2011-10-07","Standard — include in next campaign"
15264,"Potential Loyalists",64,1,"393.74","393.74","2011-10-06","Standard — include in next campaign"
13806,"Potential Loyalists",64,1,"256.38","256.38","2011-10-07","Standard — include in next campaign"
13023,"Potential Loyalists",64,2,"689.90","344.95","2011-10-06","Standard — include in next campaign"
13587,"Potential Loyalists",64,1,"712.40","712.40","2011-10-07","Standard — include in next campaign"
13049,"Potential Loyalists",64,2,"656.68","328.34","2011-10-06","Standard — include in next campaign"
12420,"Potential Loyalists",64,1,"600.39","600.39","2011-10-07","Standard — include in next campaign"
13504,"Potential Loyalists",64,1,"295.93","295.93","2011-10-06","Standard — include in next campaign"
12394,"Potential Loyalists",64,2,"821.92","410.96","2011-10-07","Standard — include in next campaign"
13422,"Potential Loyalists",64,1,"2626.30","2626.30","2011-10-06","Standard — include in next campaign"
13419,"Potential Loyalists",64,1,"221.06","221.06","2011-10-07","Standard — include in next campaign"
13348,"Potential Loyalists",64,1,"233.76","233.76","2011-10-06","Standard — include in next campaign"
13169,"Potential Loyalists",64,2,"712.88","356.44","2011-10-07","Standard — include in next campaign"
13359,"Potential Loyalists",64,1,"439.56","439.56","2011-10-07","Standard — include in next campaign"
13276,"Potential Loyalists",64,2,"590.93","295.46","2011-10-07","Standard — include in next campaign"
12789,"Potential Loyalists",65,1,"91.85","91.85","2011-10-05","Standard — include in next campaign"
14054,"Potential Loyalists",65,1,"92.46","92.46","2011-10-05","Standard — include in next campaign"
14317,"Potential Loyalists",65,1,"508.58","508.58","2011-10-06","Standard — include in next campaign"
13845,"Potential Loyalists",65,1,"312.98","312.98","2011-10-06","Standard — include in next campaign"
16758,"Potential Loyalists",65,1,"369.34","369.34","2011-10-05","Standard — include in next campaign"
18033,"Potential Loyalists",65,1,"97.97","97.97","2011-10-05","Standard — include in next campaign"
13947,"Potential Loyalists",65,1,"90.60","90.60","2011-10-05","Standard — include in next campaign"
16895,"Potential Loyalists",65,1,"219.14","219.14","2011-10-06","Standard — include in next campaign"
13177,"Potential Loyalists",65,1,"282.45","282.45","2011-10-06","Standard — include in next campaign"
17222,"Potential Loyalists",65,1,"354.15","354.15","2011-10-05","Standard — include in next campaign"
17647,"Potential Loyalists",65,1,"133.06","133.06","2011-10-05","Standard — include in next campaign"
17382,"Potential Loyalists",65,1,"65.40","65.40","2011-10-05","Standard — include in next campaign"
13602,"Potential Loyalists",65,1,"428.89","428.89","2011-10-06","Standard — include in next campaign"
15837,"Potential Loyalists",65,1,"391.98","391.98","2011-10-06","Standard — include in next campaign"
16803,"Potential Loyalists",65,1,"332.30","332.30","2011-10-05","Standard — include in next campaign"
17957,"Potential Loyalists",66,1,"111.68","111.68","2011-10-04","Standard — include in next campaign"
16106,"Potential Loyalists",66,1,"108.38","108.38","2011-10-05","Standard — include in next campaign"
13792,"Potential Loyalists",66,2,"195.55","97.77","2011-10-04","Standard — include in next campaign"
12512,"Potential Loyalists",66,2,"138.03","69.02","2011-10-04","Standard — include in next campaign"
15127,"Potential Loyalists",66,1,"406.53","406.53","2011-10-05","Standard — include in next campaign"
15739,"Potential Loyalists",66,1,"343.52","343.52","2011-10-04","Standard — include in next campaign"
13351,"Potential Loyalists",66,1,"373.94","373.94","2011-10-04","Standard — include in next campaign"
15276,"Potential Loyalists",66,1,"135.31","135.31","2011-10-04","Standard — include in next campaign"
13483,"Potential Loyalists",66,1,"140.34","140.34","2011-10-05","Standard — include in next campaign"
13431,"Potential Loyalists",67,2,"1269.10","634.55","2011-10-03","Standard — include in next campaign"
13801,"Potential Loyalists",67,1,"324.80","324.80","2011-10-04","Standard — include in next campaign"
15930,"Potential Loyalists",67,1,"426.63","426.63","2011-10-03","Standard — include in next campaign"
16183,"Potential Loyalists",67,1,"338.71","338.71","2011-10-03","Standard — include in next campaign"
14184,"Potential Loyalists",67,1,"452.89","452.89","2011-10-04","Standard — include in next campaign"
15255,"Potential Loyalists",67,1,"890.85","890.85","2011-10-04","Standard — include in next campaign"
15091,"Potential Loyalists",68,1,"480.71","480.71","2011-10-03","Standard — include in next campaign"
12886,"Potential Loyalists",68,2,"1378.40","689.20","2011-10-03","Standard — include in next campaign"
14333,"Potential Loyalists",68,1,"415.20","415.20","2011-10-03","Standard — include in next campaign"
14488,"Potential Loyalists",68,1,"1064.28","1064.28","2011-10-03","Standard — include in next campaign"
13635,"Potential Loyalists",68,1,"1071.03","1071.03","2011-10-03","Standard — include in next campaign"
16591,"Potential Loyalists",69,1,"213.50","213.50","2011-10-02","Standard — include in next campaign"
15774,"Potential Loyalists",69,1,"270.80","270.80","2011-10-02","Standard — include in next campaign"
15185,"Potential Loyalists",70,1,"310.62","310.62","2011-09-30","Standard — include in next campaign"
12694,"Potential Loyalists",70,2,"869.67","434.83","2011-09-30","Standard — include in next campaign"
16404,"Potential Loyalists",70,1,"443.05","443.05","2011-09-30","Standard — include in next campaign"
12842,"Potential Loyalists",70,2,"1118.99","559.50","2011-09-30","Standard — include in next campaign"
13347,"Potential Loyalists",70,1,"341.36","341.36","2011-09-30","Standard — include in next campaign"
16613,"Potential Loyalists",70,1,"618.59","618.59","2011-09-30","Standard — include in next campaign"
16101,"Potential Loyalists",71,1,"1290.70","1290.70","2011-09-30","Standard — include in next campaign"
12703,"Potential Loyalists",71,1,"283.55","283.55","2011-09-29","Standard — include in next campaign"
13095,"Potential Loyalists",71,1,"74.40","74.40","2011-09-30","Standard — include in next campaign"
13503,"Potential Loyalists",71,1,"216.85","216.85","2011-09-29","Standard — include in next campaign"
18053,"Potential Loyalists",71,1,"300.02","300.02","2011-09-30","Standard — include in next campaign"
12822,"Potential Loyalists",71,2,"948.88","474.44","2011-09-30","Standard — include in next campaign"
13364,"Potential Loyalists",71,1,"134.96","134.96","2011-09-29","Standard — include in next campaign"
15593,"Potential Loyalists",71,1,"199.80","199.80","2011-09-30","Standard — include in next campaign"
13354,"Potential Loyalists",71,1,"743.53","743.53","2011-09-29","Standard — include in next campaign"
12458,"Potential Loyalists",71,2,"947.40","473.70","2011-09-29","Standard — include in next campaign"
16574,"Potential Loyalists",71,1,"451.44","451.44","2011-09-29","Standard — include in next campaign"
13886,"Potential Loyalists",71,1,"243.56","243.56","2011-09-29","Standard — include in next campaign"
12718,"Potential Loyalists",71,1,"238.25","238.25","2011-09-29","Standard — include in next campaign"
17427,"Potential Loyalists",72,1,"100.80","100.80","2011-09-29","Standard — include in next campaign"
13321,"Potential Loyalists",72,2,"335.36","167.68","2011-09-28","Standard — include in next campaign"
16650,"Potential Loyalists",72,1,"518.42","518.42","2011-09-29","Standard — include in next campaign"
17513,"Potential Loyalists",72,1,"513.20","513.20","2011-09-28","Standard — include in next campaign"
15175,"Potential Loyalists",72,1,"224.14","224.14","2011-09-29","Standard — include in next campaign"
18192,"Potential Loyalists",72,1,"957.97","957.97","2011-09-29","Standard — include in next campaign"
15348,"Potential Loyalists",72,1,"158.04","158.04","2011-09-28","Standard — include in next campaign"
16281,"Potential Loyalists",72,1,"1756.78","1756.78","2011-09-28","Standard — include in next campaign"
13061,"Potential Loyalists",72,1,"248.61","248.61","2011-09-28","Standard — include in next campaign"
16909,"Potential Loyalists",72,1,"301.38","301.38","2011-09-28","Standard — include in next campaign"
