"customerid","lifetime_spend","past_orders","days_inactive","avg_order_value","reactivation_tier","last_purchase"
12590,"9474.26",2,211,"4737.13","High Value — Priority Reactivation","12 May 2011"
12435,"7120.45",2,80,"3560.22","High Value — Priority Reactivation","21 Sep 2011"
12688,"4873.81",1,114,"4873.81","High Value — Priority Reactivation","18 Aug 2011"
12752,"4366.78",1,81,"4366.78","High Value — Priority Reactivation","19 Sep 2011"
12378,"3948.14",1,130,"3948.14","High Value — Priority Reactivation","02 Aug 2011"
12758,"2791.59",2,117,"1395.80","High Value — Priority Reactivation","15 Aug 2011"
12625,"2683.82",2,212,"1341.91","High Value — Priority Reactivation","12 May 2011"
14439,"2661.24",1,320,"2661.24","High Value — Priority Reactivation","24 Jan 2011"
12653,"2209.85",2,149,"1104.93","High Value — Priority Reactivation","14 Jul 2011"
12501,"2169.39",1,337,"2169.39","High Value — Priority Reactivation","07 Jan 2011"
17846,"2033.10",1,85,"2033.10","High Value — Priority Reactivation","15 Sep 2011"
15341,"2020.52",1,81,"2020.52","High Value — Priority Reactivation","20 Sep 2011"
17597,"1983.89",1,214,"1983.89","High Value — Priority Reactivation","10 May 2011"
12585,"1901.86",2,234,"950.93","High Value — Priority Reactivation","19 Apr 2011"
17940,"1867.86",1,245,"1867.86","High Value — Priority Reactivation","08 Apr 2011"
14459,"1837.92",1,155,"1837.92","High Value — Priority Reactivation","07 Jul 2011"
16152,"1829.04",1,269,"1829.04","High Value — Priority Reactivation","16 Mar 2011"
12405,"1710.39",1,149,"1710.39","High Value — Priority Reactivation","14 Jul 2011"
15947,"1708.24",1,83,"1708.24","High Value — Priority Reactivation","18 Sep 2011"
16902,"1706.88",1,116,"1706.88","High Value — Priority Reactivation","15 Aug 2011"
12764,"1693.88",1,317,"1693.88","High Value — Priority Reactivation","27 Jan 2011"
12635,"1689.18",2,90,"844.59","High Value — Priority Reactivation","11 Sep 2011"
12967,"1660.90",2,358,"830.45","High Value — Priority Reactivation","16 Dec 2010"
12377,"1628.12",2,315,"814.06","High Value — Priority Reactivation","28 Jan 2011"
12424,"1608.32",2,163,"804.16","High Value — Priority Reactivation","30 Jun 2011"
13850,"1595.48",1,129,"1595.48","High Value — Priority Reactivation","02 Aug 2011"
13814,"1579.12",2,92,"789.56","High Value — Priority Reactivation","08 Sep 2011"
13659,"1573.20",2,206,"786.60","High Value — Priority Reactivation","18 May 2011"
14935,"1520.16",1,297,"1520.16","High Value — Priority Reactivation","15 Feb 2011"
15372,"1498.12",1,137,"1498.12","High Value — Priority Reactivation","25 Jul 2011"
13572,"1384.25",1,206,"1384.25","High Value — Priority Reactivation","18 May 2011"
12770,"1351.45",1,211,"1351.45","High Value — Priority Reactivation","13 May 2011"
13501,"1340.32",1,288,"1340.32","High Value — Priority Reactivation","24 Feb 2011"
17919,"1304.04",1,88,"1304.04","High Value — Priority Reactivation","12 Sep 2011"
15171,"1289.50",1,331,"1289.50","High Value — Priority Reactivation","12 Jan 2011"
14164,"1273.77",1,81,"1273.77","High Value — Priority Reactivation","20 Sep 2011"
17037,"1267.32",1,88,"1267.32","High Value — Priority Reactivation","13 Sep 2011"
14105,"1266.23",1,239,"1266.23","High Value — Priority Reactivation","14 Apr 2011"
13151,"1257.87",1,296,"1257.87","High Value — Priority Reactivation","17 Feb 2011"
15004,"1246.32",1,147,"1246.32","High Value — Priority Reactivation","15 Jul 2011"
13476,"1238.47",2,179,"619.23","High Value — Priority Reactivation","14 Jun 2011"
13791,"1226.00",2,128,"613.00","High Value — Priority Reactivation","04 Aug 2011"
12516,"1208.38",2,78,"604.19","High Value — Priority Reactivation","23 Sep 2011"
12769,"1143.60",1,239,"1143.60","High Value — Priority Reactivation","15 Apr 2011"
16270,"1141.24",1,353,"1141.24","High Value — Priority Reactivation","21 Dec 2010"
13744,"1114.60",2,95,"557.30","High Value — Priority Reactivation","05 Sep 2011"
15069,"1109.53",1,179,"1109.53","High Value — Priority Reactivation","13 Jun 2011"
12857,"1106.40",2,211,"553.20","High Value — Priority Reactivation","13 May 2011"
15978,"1098.78",1,77,"1098.78","High Value — Priority Reactivation","23 Sep 2011"
12534,"1089.18",1,131,"1089.18","High Value — Priority Reactivation","01 Aug 2011"
12354,"1079.40",1,232,"1079.40","High Value — Priority Reactivation","21 Apr 2011"
12815,"1063.46",2,148,"531.73","High Value — Priority Reactivation","15 Jul 2011"
14411,"1063.00",1,311,"1063.00","High Value — Priority Reactivation","02 Feb 2011"
15464,"1048.85",1,338,"1048.85","High Value — Priority Reactivation","05 Jan 2011"
13328,"1042.08",1,316,"1042.08","High Value — Priority Reactivation","27 Jan 2011"
13235,"1031.07",1,212,"1031.07","High Value — Priority Reactivation","11 May 2011"
12717,"1030.98",2,151,"515.49","High Value — Priority Reactivation","11 Jul 2011"
15333,"1028.56",1,208,"1028.56","High Value — Priority Reactivation","15 May 2011"
12514,"1017.68",1,267,"1017.68","High Value — Priority Reactivation","17 Mar 2011"
12739,"1013.04",2,78,"506.52","High Value — Priority Reactivation","22 Sep 2011"
12545,"1000.39",2,75,"500.19","High Value — Priority Reactivation","25 Sep 2011"
12510,"982.57",2,143,"491.29","Medium Value — Standard Campaign","20 Jul 2011"
12550,"964.83",1,79,"964.83","Medium Value — Standard Campaign","21 Sep 2011"
13261,"944.10",2,269,"472.05","Medium Value — Standard Campaign","16 Mar 2011"
13655,"932.97",2,114,"466.49","Medium Value — Standard Campaign","17 Aug 2011"
13122,"922.39",2,94,"461.20","Medium Value — Standard Campaign","06 Sep 2011"
13934,"922.10",1,264,"922.10","Medium Value — Standard Campaign","21 Mar 2011"
13035,"921.88",2,74,"460.94","Medium Value — Standard Campaign","27 Sep 2011"
12652,"919.98",1,331,"919.98","Medium Value — Standard Campaign","12 Jan 2011"
13075,"919.61",1,130,"919.61","Medium Value — Standard Campaign","02 Aug 2011"
16216,"914.93",1,267,"914.93","Medium Value — Standard Campaign","17 Mar 2011"
13192,"911.94",2,95,"455.97","Medium Value — Standard Campaign","05 Sep 2011"
15480,"905.50",1,116,"905.50","Medium Value — Standard Campaign","15 Aug 2011"
17829,"889.24",1,299,"889.24","Medium Value — Standard Campaign","14 Feb 2011"
15076,"880.85",1,173,"880.85","Medium Value — Standard Campaign","20 Jun 2011"
13294,"873.74",2,190,"436.87","Medium Value — Standard Campaign","03 Jun 2011"
13979,"869.87",1,73,"869.87","Medium Value — Standard Campaign","27 Sep 2011"
17649,"868.49",1,138,"868.49","Medium Value — Standard Campaign","24 Jul 2011"
13339,"860.12",1,201,"860.12","Medium Value — Standard Campaign","23 May 2011"
12878,"854.99",2,236,"427.49","Medium Value — Standard Campaign","17 Apr 2011"
18087,"852.80",1,98,"852.80","Medium Value — Standard Campaign","02 Sep 2011"
12379,"852.24",2,82,"426.12","Medium Value — Standard Campaign","19 Sep 2011"
13221,"847.41",2,240,"423.71","Medium Value — Standard Campaign","13 Apr 2011"
16222,"846.72",1,318,"846.72","Medium Value — Standard Campaign","25 Jan 2011"
13929,"842.65",2,169,"421.33","Medium Value — Standard Campaign","23 Jun 2011"
16108,"842.50",1,85,"842.50","Medium Value — Standard Campaign","16 Sep 2011"
15832,"836.79",1,254,"836.79","Medium Value — Standard Campaign","30 Mar 2011"
12461,"826.88",2,94,"413.44","Medium Value — Standard Campaign","06 Sep 2011"
16494,"826.53",1,297,"826.53","Medium Value — Standard Campaign","16 Feb 2011"
13893,"821.10",1,298,"821.10","Medium Value — Standard Campaign","15 Feb 2011"
13707,"806.41",2,267,"403.21","Medium Value — Standard Campaign","17 Mar 2011"
12434,"806.14",2,85,"403.07","Medium Value — Standard Campaign","16 Sep 2011"
12701,"797.71",2,80,"398.86","Medium Value — Standard Campaign","21 Sep 2011"
13639,"795.74",1,74,"795.74","Medium Value — Standard Campaign","26 Sep 2011"
13336,"795.12",1,77,"795.12","Medium Value — Standard Campaign","23 Sep 2011"
14557,"788.38",1,85,"788.38","Medium Value — Standard Campaign","15 Sep 2011"
16054,"783.90",1,145,"783.90","Medium Value — Standard Campaign","17 Jul 2011"
13583,"781.03",1,156,"781.03","Medium Value — Standard Campaign","07 Jul 2011"
12497,"780.60",1,82,"780.60","Medium Value — Standard Campaign","19 Sep 2011"
12735,"779.57",2,315,"389.78","Medium Value — Standard Campaign","28 Jan 2011"
13375,"778.65",1,89,"778.65","Medium Value — Standard Campaign","12 Sep 2011"
13563,"777.53",2,84,"388.77","Medium Value — Standard Campaign","16 Sep 2011"
12425,"777.20",1,78,"777.20","Medium Value — Standard Campaign","22 Sep 2011"
13341,"775.85",1,261,"775.85","Medium Value — Standard Campaign","24 Mar 2011"
15075,"773.03",1,78,"773.03","Medium Value — Standard Campaign","23 Sep 2011"
12965,"771.91",1,89,"771.91","Medium Value — Standard Campaign","11 Sep 2011"
16480,"769.29",1,76,"769.29","Medium Value — Standard Campaign","25 Sep 2011"
13356,"768.24",1,80,"768.24","Medium Value — Standard Campaign","20 Sep 2011"
14885,"765.32",1,132,"765.32","Medium Value — Standard Campaign","31 Jul 2011"
13253,"762.56",2,157,"381.28","Medium Value — Standard Campaign","06 Jul 2011"
13370,"754.87",1,372,"754.87","Medium Value — Standard Campaign","03 Dec 2010"
13730,"752.60",2,136,"376.30","Medium Value — Standard Campaign","27 Jul 2011"
16256,"752.43",1,267,"752.43","Medium Value — Standard Campaign","18 Mar 2011"
15074,"748.87",1,105,"748.87","Medium Value — Standard Campaign","26 Aug 2011"
12818,"747.20",1,262,"747.20","Medium Value — Standard Campaign","23 Mar 2011"
13753,"741.26",1,288,"741.26","Medium Value — Standard Campaign","25 Feb 2011"
12976,"738.60",1,212,"738.60","Medium Value — Standard Campaign","12 May 2011"
12468,"729.54",2,188,"364.77","Medium Value — Standard Campaign","05 Jun 2011"
14055,"725.64",1,106,"725.64","Medium Value — Standard Campaign","25 Aug 2011"
12535,"716.35",2,92,"358.18","Medium Value — Standard Campaign","09 Sep 2011"
12616,"713.30",2,95,"356.65","Medium Value — Standard Campaign","05 Sep 2011"
18194,"713.20",1,82,"713.20","Medium Value — Standard Campaign","18 Sep 2011"
12453,"707.09",1,134,"707.09","Medium Value — Standard Campaign","28 Jul 2011"
12612,"704.04",1,74,"704.04","Medium Value — Standard Campaign","26 Sep 2011"
12410,"693.33",2,309,"346.66","Medium Value — Standard Campaign","04 Feb 2011"
13799,"688.86",2,117,"344.43","Medium Value — Standard Campaign","15 Aug 2011"
14222,"683.17",1,177,"683.17","Medium Value — Standard Campaign","15 Jun 2011"
13548,"682.41",2,96,"341.21","Medium Value — Standard Campaign","04 Sep 2011"
15322,"679.68",1,86,"679.68","Medium Value — Standard Campaign","15 Sep 2011"
14212,"678.80",1,90,"678.80","Medium Value — Standard Campaign","11 Sep 2011"
13388,"677.10",2,131,"338.55","Medium Value — Standard Campaign","31 Jul 2011"
13325,"675.30",1,82,"675.30","Medium Value — Standard Campaign","19 Sep 2011"
13355,"674.70",1,122,"674.70","Medium Value — Standard Campaign","09 Aug 2011"
12418,"668.58",1,113,"668.58","Medium Value — Standard Campaign","19 Aug 2011"
13518,"659.44",1,86,"659.44","Medium Value — Standard Campaign","15 Sep 2011"
14894,"655.75",1,85,"655.75","Medium Value — Standard Campaign","15 Sep 2011"
17046,"642.02",1,157,"642.02","Medium Value — Standard Campaign","05 Jul 2011"
12365,"641.38",2,291,"320.69","Medium Value — Standard Campaign","21 Feb 2011"
12624,"641.13",2,106,"320.57","Medium Value — Standard Campaign","25 Aug 2011"
16022,"628.28",1,260,"628.28","Medium Value — Standard Campaign","24 Mar 2011"
14036,"626.65",1,285,"626.65","Medium Value — Standard Campaign","28 Feb 2011"
16718,"623.75",1,369,"623.75","Medium Value — Standard Campaign","05 Dec 2010"
15147,"623.50",1,240,"623.50","Medium Value — Standard Campaign","13 Apr 2011"
13368,"623.40",2,257,"311.70","Medium Value — Standard Campaign","28 Mar 2011"
17499,"622.88",1,290,"622.88","Medium Value — Standard Campaign","23 Feb 2011"
17640,"621.66",1,87,"621.66","Medium Value — Standard Campaign","14 Sep 2011"
13402,"621.23",2,127,"310.62","Medium Value — Standard Campaign","04 Aug 2011"
16141,"620.40",1,88,"620.40","Medium Value — Standard Campaign","12 Sep 2011"
16116,"612.78",1,212,"612.78","Medium Value — Standard Campaign","12 May 2011"
12513,"612.29",1,113,"612.29","Medium Value — Standard Campaign","19 Aug 2011"
16763,"611.85",1,199,"611.85","Medium Value — Standard Campaign","25 May 2011"
13731,"610.59",2,219,"305.29","Medium Value — Standard Campaign","04 May 2011"
15795,"610.01",1,150,"610.01","Medium Value — Standard Campaign","13 Jul 2011"
13357,"609.95",1,257,"609.95","Medium Value — Standard Campaign","27 Mar 2011"
13888,"605.63",2,120,"302.81","Medium Value — Standard Campaign","12 Aug 2011"
13233,"605.12",2,74,"302.56","Medium Value — Standard Campaign","26 Sep 2011"
12707,"603.42",1,292,"603.42","Medium Value — Standard Campaign","21 Feb 2011"
13243,"600.07",1,203,"600.07","Medium Value — Standard Campaign","20 May 2011"
12872,"599.97",2,327,"299.98","Medium Value — Standard Campaign","17 Jan 2011"
12521,"599.68",1,143,"599.68","Medium Value — Standard Campaign","20 Jul 2011"
12917,"594.00",1,128,"594.00","Medium Value — Standard Campaign","03 Aug 2011"
15442,"594.00",1,249,"594.00","Medium Value — Standard Campaign","05 Apr 2011"
13452,"590.00",2,259,"295.00","Medium Value — Standard Campaign","25 Mar 2011"
15222,"585.00",1,319,"585.00","Medium Value — Standard Campaign","25 Jan 2011"
16072,"584.32",1,288,"584.32","Medium Value — Standard Campaign","24 Feb 2011"
12426,"582.73",1,195,"582.73","Medium Value — Standard Campaign","29 May 2011"
17970,"582.59",1,211,"582.59","Medium Value — Standard Campaign","12 May 2011"
17142,"579.00",1,239,"579.00","Medium Value — Standard Campaign","14 Apr 2011"
14301,"575.34",1,117,"575.34","Medium Value — Standard Campaign","14 Aug 2011"
14400,"574.70",1,149,"574.70","Medium Value — Standard Campaign","13 Jul 2011"
15303,"574.02",1,290,"574.02","Medium Value — Standard Campaign","22 Feb 2011"
15415,"572.81",1,313,"572.81","Medium Value — Standard Campaign","30 Jan 2011"
12816,"572.20",2,96,"286.10","Medium Value — Standard Campaign","05 Sep 2011"
13414,"568.50",2,134,"284.25","Medium Value — Standard Campaign","29 Jul 2011"
16278,"566.38",1,100,"566.38","Medium Value — Standard Campaign","31 Aug 2011"
14753,"563.15",1,87,"563.15","Medium Value — Standard Campaign","13 Sep 2011"
12559,"561.71",2,311,"280.86","Medium Value — Standard Campaign","02 Feb 2011"
15655,"560.67",1,243,"560.67","Medium Value — Standard Campaign","10 Apr 2011"
13044,"560.47",1,291,"560.47","Medium Value — Standard Campaign","21 Feb 2011"
16275,"559.87",1,197,"559.87","Medium Value — Standard Campaign","27 May 2011"
12866,"559.12",1,283,"559.12","Medium Value — Standard Campaign","01 Mar 2011"
12987,"558.70",2,74,"279.35","Medium Value — Standard Campaign","27 Sep 2011"
13800,"558.32",1,310,"558.32","Medium Value — Standard Campaign","03 Feb 2011"
12363,"552.00",2,110,"276.00","Medium Value — Standard Campaign","22 Aug 2011"
17291,"550.80",1,308,"550.80","Medium Value — Standard Campaign","04 Feb 2011"
12390,"549.84",1,80,"549.84","Medium Value — Standard Campaign","21 Sep 2011"
14687,"549.18",1,107,"549.18","Medium Value — Standard Campaign","25 Aug 2011"
16340,"549.07",1,107,"549.07","Medium Value — Standard Campaign","24 Aug 2011"
16536,"548.97",1,110,"548.97","Medium Value — Standard Campaign","21 Aug 2011"
16211,"547.02",1,89,"547.02","Medium Value — Standard Campaign","12 Sep 2011"
12743,"546.43",2,134,"273.21","Medium Value — Standard Campaign","28 Jul 2011"
12793,"545.48",2,335,"272.74","Medium Value — Standard Campaign","09 Jan 2011"
13390,"544.08",1,75,"544.08","Medium Value — Standard Campaign","26 Sep 2011"
13874,"540.45",1,358,"540.45","Medium Value — Standard Campaign","16 Dec 2010"
16142,"535.34",1,250,"535.34","Medium Value — Standard Campaign","04 Apr 2011"
12988,"535.32",1,292,"535.32","Medium Value — Standard Campaign","20 Feb 2011"
13385,"534.57",1,330,"534.57","Medium Value — Standard Campaign","14 Jan 2011"
13434,"534.24",2,74,"267.12","Medium Value — Standard Campaign","26 Sep 2011"
15825,"532.94",1,172,"532.94","Medium Value — Standard Campaign","20 Jun 2011"
18159,"530.15",1,301,"530.15","Medium Value — Standard Campaign","11 Feb 2011"
15891,"524.52",1,227,"524.52","Medium Value — Standard Campaign","27 Apr 2011"
15149,"520.80",1,134,"520.80","Medium Value — Standard Campaign","29 Jul 2011"
14873,"519.68",1,210,"519.68","Medium Value — Standard Campaign","13 May 2011"
16135,"517.55",1,263,"517.55","Medium Value — Standard Campaign","22 Mar 2011"
13043,"516.42",1,273,"516.42","Medium Value — Standard Campaign","11 Mar 2011"
13493,"514.95",2,275,"257.48","Medium Value — Standard Campaign","09 Mar 2011"
13005,"513.70",2,174,"256.85","Medium Value — Standard Campaign","19 Jun 2011"
17480,"511.82",1,78,"511.82","Medium Value — Standard Campaign","23 Sep 2011"
12582,"511.36",2,239,"255.68","Medium Value — Standard Campaign","15 Apr 2011"
16698,"510.00",1,253,"510.00","Medium Value — Standard Campaign","31 Mar 2011"
12436,"509.01",1,100,"509.01","Medium Value — Standard Campaign","01 Sep 2011"
15417,"508.80",1,85,"508.80","Medium Value — Standard Campaign","15 Sep 2011"
17958,"508.46",1,117,"508.46","Medium Value — Standard Campaign","15 Aug 2011"
17415,"507.84",1,80,"507.84","Medium Value — Standard Campaign","21 Sep 2011"
13885,"506.80",2,189,"253.40","Medium Value — Standard Campaign","03 Jun 2011"
16614,"506.19",1,183,"506.19","Medium Value — Standard Campaign","10 Jun 2011"
14014,"505.18",1,77,"505.18","Medium Value — Standard Campaign","23 Sep 2011"
13116,"501.14",1,138,"501.14","Medium Value — Standard Campaign","24 Jul 2011"
14000,"500.30",1,211,"500.30","Medium Value — Standard Campaign","12 May 2011"
17053,"498.48",1,131,"498.48","Low Value — Bulk Email Only","01 Aug 2011"
16820,"497.61",1,96,"497.61","Low Value — Bulk Email Only","05 Sep 2011"
15448,"494.64",1,313,"494.64","Low Value — Bulk Email Only","31 Jan 2011"
17333,"494.25",1,86,"494.25","Low Value — Bulk Email Only","15 Sep 2011"
12763,"494.08",2,138,"247.04","Low Value — Bulk Email Only","24 Jul 2011"
14270,"492.65",1,332,"492.65","Low Value — Bulk Email Only","12 Jan 2011"
15507,"492.36",1,172,"492.36","Low Value — Bulk Email Only","21 Jun 2011"
18074,"489.60",1,374,"489.60","Low Value — Bulk Email Only","01 Dec 2010"
12809,"489.31",1,178,"489.31","Low Value — Bulk Email Only","15 Jun 2011"
15165,"487.75",1,373,"487.75","Low Value — Bulk Email Only","01 Dec 2010"
16643,"487.51",1,246,"487.51","Low Value — Bulk Email Only","08 Apr 2011"
13338,"487.02",1,158,"487.02","Low Value — Bulk Email Only","05 Jul 2011"
13675,"486.82",2,151,"243.41","Low Value — Bulk Email Only","11 Jul 2011"
12639,"486.10",1,239,"486.10","Low Value — Bulk Email Only","15 Apr 2011"
15109,"484.95",1,246,"484.95","Low Value — Bulk Email Only","08 Apr 2011"
14130,"483.86",1,319,"483.86","Low Value — Bulk Email Only","24 Jan 2011"
13531,"483.80",2,205,"241.90","Low Value — Bulk Email Only","18 May 2011"
16812,"479.35",1,361,"479.35","Low Value — Bulk Email Only","14 Dec 2010"
12644,"477.91",1,130,"477.91","Low Value — Bulk Email Only","02 Aug 2011"
12447,"476.49",1,243,"476.49","Low Value — Bulk Email Only","10 Apr 2011"
18176,"476.35",1,358,"476.35","Low Value — Bulk Email Only","16 Dec 2010"
14497,"475.37",1,309,"475.37","Low Value — Bulk Email Only","03 Feb 2011"
14431,"470.36",1,303,"470.36","Low Value — Bulk Email Only","10 Feb 2011"
13248,"465.68",2,125,"232.84","Low Value — Bulk Email Only","07 Aug 2011"
16586,"463.95",1,249,"463.95","Low Value — Bulk Email Only","05 Apr 2011"
14489,"463.38",1,207,"463.38","Low Value — Bulk Email Only","16 May 2011"
12945,"462.95",1,288,"462.95","Low Value — Bulk Email Only","24 Feb 2011"
12355,"459.40",1,214,"459.40","Low Value — Bulk Email Only","09 May 2011"
17880,"458.92",1,365,"458.92","Low Value — Bulk Email Only","10 Dec 2010"
13506,"458.52",2,316,"229.26","Low Value — Bulk Email Only","27 Jan 2011"
13398,"457.34",1,192,"457.34","Low Value — Bulk Email Only","31 May 2011"
12564,"456.90",1,261,"456.90","Low Value — Bulk Email Only","23 Mar 2011"
15585,"455.30",1,177,"455.30","Low Value — Bulk Email Only","16 Jun 2011"
16529,"455.25",1,190,"455.25","Low Value — Bulk Email Only","02 Jun 2011"
13485,"454.24",1,233,"454.24","Low Value — Bulk Email Only","20 Apr 2011"
15475,"454.11",1,77,"454.11","Low Value — Bulk Email Only","23 Sep 2011"
12729,"453.01",1,114,"453.01","Low Value — Bulk Email Only","18 Aug 2011"
12591,"452.85",1,317,"452.85","Low Value — Bulk Email Only","26 Jan 2011"
15802,"451.42",1,143,"451.42","Low Value — Bulk Email Only","20 Jul 2011"
17040,"449.73",1,138,"449.73","Low Value — Bulk Email Only","25 Jul 2011"
14149,"446.62",1,221,"446.62","Low Value — Bulk Email Only","03 May 2011"
18222,"443.00",1,93,"443.00","Low Value — Bulk Email Only","08 Sep 2011"
12579,"440.42",1,78,"440.42","Low Value — Bulk Email Only","22 Sep 2011"
18233,"440.00",1,326,"440.00","Low Value — Bulk Email Only","18 Jan 2011"
14022,"440.00",1,225,"440.00","Low Value — Bulk Email Only","28 Apr 2011"
13358,"439.03",1,269,"439.03","Low Value — Bulk Email Only","16 Mar 2011"
12592,"437.60",2,92,"218.80","Low Value — Bulk Email Only","08 Sep 2011"
16084,"436.18",1,299,"436.18","Low Value — Bulk Email Only","13 Feb 2011"
12493,"433.74",2,166,"216.87","Low Value — Bulk Email Only","27 Jun 2011"
16236,"432.20",1,78,"432.20","Low Value — Bulk Email Only","22 Sep 2011"
18106,"430.70",1,330,"430.70","Low Value — Bulk Email Only","14 Jan 2011"
12725,"427.80",1,371,"427.80","Low Value — Bulk Email Only","03 Dec 2010"
12802,"427.58",1,187,"427.58","Low Value — Bulk Email Only","06 Jun 2011"
14288,"426.60",1,213,"426.60","Low Value — Bulk Email Only","10 May 2011"
15639,"425.32",1,134,"425.32","Low Value — Bulk Email Only","28 Jul 2011"
17525,"422.70",1,360,"422.70","Low Value — Bulk Email Only","15 Dec 2010"
14757,"420.50",1,75,"420.50","Low Value — Bulk Email Only","25 Sep 2011"
17701,"417.95",1,253,"417.95","Low Value — Bulk Email Only","01 Apr 2011"
13615,"417.69",1,319,"417.69","Low Value — Bulk Email Only","25 Jan 2011"
12833,"417.38",1,145,"417.38","Low Value — Bulk Email Only","17 Jul 2011"
13166,"417.20",1,283,"417.20","Low Value — Bulk Email Only","01 Mar 2011"
13889,"416.90",1,93,"416.90","Low Value — Bulk Email Only","08 Sep 2011"
13085,"416.08",2,158,"208.04","Low Value — Bulk Email Only","05 Jul 2011"
12930,"415.80",2,78,"207.90","Low Value — Bulk Email Only","22 Sep 2011"
12580,"415.70",1,247,"415.70","Low Value — Bulk Email Only","07 Apr 2011"
16795,"414.88",1,365,"414.88","Low Value — Bulk Email Only","09 Dec 2010"
16834,"413.46",1,228,"413.46","Low Value — Bulk Email Only","26 Apr 2011"
15523,"412.01",1,84,"412.01","Low Value — Bulk Email Only","16 Sep 2011"
16272,"411.70",1,117,"411.70","Low Value — Bulk Email Only","15 Aug 2011"
15099,"410.48",1,84,"410.48","Low Value — Bulk Email Only","16 Sep 2011"
14048,"409.93",1,305,"409.93","Low Value — Bulk Email Only","07 Feb 2011"
14348,"409.57",1,260,"409.57","Low Value — Bulk Email Only","24 Mar 2011"
15225,"409.40",1,234,"409.40","Low Value — Bulk Email Only","19 Apr 2011"
16947,"406.48",1,236,"406.48","Low Value — Bulk Email Only","18 Apr 2011"
15342,"406.09",1,130,"406.09","Low Value — Bulk Email Only","02 Aug 2011"
12922,"405.38",1,161,"405.38","Low Value — Bulk Email Only","01 Jul 2011"
16319,"404.40",1,218,"404.40","Low Value — Bulk Email Only","06 May 2011"
17431,"403.30",1,313,"403.30","Low Value — Bulk Email Only","30 Jan 2011"
15221,"403.25",1,366,"403.25","Low Value — Bulk Email Only","08 Dec 2010"
12386,"401.90",2,338,"200.95","Low Value — Bulk Email Only","06 Jan 2011"
16198,"400.68",1,75,"400.68","Low Value — Bulk Email Only","25 Sep 2011"
12792,"400.54",1,257,"400.54","Low Value — Bulk Email Only","28 Mar 2011"
17486,"396.87",1,261,"396.87","Low Value — Bulk Email Only","23 Mar 2011"
17603,"394.72",1,78,"394.72","Low Value — Bulk Email Only","22 Sep 2011"
14619,"394.44",1,246,"394.44","Low Value — Bulk Email Only","08 Apr 2011"
15386,"394.14",1,186,"394.14","Low Value — Bulk Email Only","06 Jun 2011"
17226,"393.49",1,309,"393.49","Low Value — Bulk Email Only","04 Feb 2011"
14600,"393.33",1,306,"393.33","Low Value — Bulk Email Only","07 Feb 2011"
16917,"391.52",1,277,"391.52","Low Value — Bulk Email Only","08 Mar 2011"
12982,"390.54",1,243,"390.54","Low Value — Bulk Email Only","11 Apr 2011"
13345,"389.50",1,288,"389.50","Low Value — Bulk Email Only","25 Feb 2011"
12690,"389.01",1,206,"389.01","Low Value — Bulk Email Only","18 May 2011"
17438,"388.45",1,254,"388.45","Low Value — Bulk Email Only","31 Mar 2011"
14420,"387.52",1,99,"387.52","Low Value — Bulk Email Only","01 Sep 2011"
17508,"387.31",1,281,"387.31","Low Value — Bulk Email Only","04 Mar 2011"
13821,"385.64",2,145,"192.82","Low Value — Bulk Email Only","18 Jul 2011"
13833,"384.80",1,159,"384.80","Low Value — Bulk Email Only","03 Jul 2011"
12733,"383.95",1,234,"383.95","Low Value — Bulk Email Only","19 Apr 2011"
12515,"383.70",1,353,"383.70","Low Value — Bulk Email Only","21 Dec 2010"
14304,"383.45",1,223,"383.45","Low Value — Bulk Email Only","01 May 2011"
17239,"382.50",1,313,"382.50","Low Value — Bulk Email Only","31 Jan 2011"
15090,"381.32",1,308,"381.32","Low Value — Bulk Email Only","04 Feb 2011"
12871,"380.64",2,84,"190.32","Low Value — Bulk Email Only","16 Sep 2011"
17138,"380.50",1,276,"380.50","Low Value — Bulk Email Only","09 Mar 2011"
16769,"380.39",1,260,"380.39","Low Value — Bulk Email Only","24 Mar 2011"
13656,"379.65",2,165,"189.82","Low Value — Bulk Email Only","28 Jun 2011"
13372,"378.64",1,90,"378.64","Low Value — Bulk Email Only","11 Sep 2011"
13936,"376.58",1,180,"376.58","Low Value — Bulk Email Only","13 Jun 2011"
16858,"375.69",1,369,"375.69","Low Value — Bulk Email Only","06 Dec 2010"
14079,"375.10",1,125,"375.10","Low Value — Bulk Email Only","07 Aug 2011"
16147,"375.00",1,134,"375.00","Low Value — Bulk Email Only","29 Jul 2011"
17492,"374.57",1,248,"374.57","Low Value — Bulk Email Only","05 Apr 2011"
12873,"374.00",1,282,"374.00","Low Value — Bulk Email Only","02 Mar 2011"
16065,"372.09",1,365,"372.09","Low Value — Bulk Email Only","09 Dec 2010"
13300,"371.89",1,169,"371.89","Low Value — Bulk Email Only","23 Jun 2011"
15472,"371.56",1,113,"371.56","Low Value — Bulk Email Only","18 Aug 2011"
15975,"371.01",1,84,"371.01","Low Value — Bulk Email Only","16 Sep 2011"
15063,"370.80",1,213,"370.80","Low Value — Bulk Email Only","10 May 2011"
15922,"369.50",1,373,"369.50","Low Value — Bulk Email Only","01 Dec 2010"
14888,"369.20",1,207,"369.20","Low Value — Bulk Email Only","16 May 2011"
16202,"365.27",1,361,"365.27","Low Value — Bulk Email Only","14 Dec 2010"
14886,"364.80",1,253,"364.80","Low Value — Bulk Email Only","01 Apr 2011"
12373,"364.60",1,311,"364.60","Low Value — Bulk Email Only","01 Feb 2011"
15343,"364.50",1,87,"364.50","Low Value — Bulk Email Only","13 Sep 2011"
14171,"363.79",1,98,"363.79","Low Value — Bulk Email Only","02 Sep 2011"
16509,"363.70",1,297,"363.70","Low Value — Bulk Email Only","16 Feb 2011"
18056,"363.65",1,288,"363.65","Low Value — Bulk Email Only","24 Feb 2011"
12915,"363.65",2,149,"181.82","Low Value — Bulk Email Only","14 Jul 2011"
16485,"363.65",1,77,"363.65","Low Value — Bulk Email Only","23 Sep 2011"
14932,"363.53",1,366,"363.53","Low Value — Bulk Email Only","09 Dec 2010"
16305,"361.22",1,139,"361.22","Low Value — Bulk Email Only","24 Jul 2011"
13291,"361.11",1,156,"361.11","Low Value — Bulk Email Only","07 Jul 2011"
15120,"358.82",1,134,"358.82","Low Value — Bulk Email Only","29 Jul 2011"
16823,"358.38",1,227,"358.38","Low Value — Bulk Email Only","26 Apr 2011"
13228,"358.00",1,81,"358.00","Low Value — Bulk Email Only","19 Sep 2011"
13976,"357.98",1,207,"357.98","Low Value — Bulk Email Only","17 May 2011"
16274,"357.95",1,373,"357.95","Low Value — Bulk Email Only","01 Dec 2010"
13453,"356.98",2,166,"178.49","Low Value — Bulk Email Only","27 Jun 2011"
15247,"356.00",1,122,"356.00","Low Value — Bulk Email Only","09 Aug 2011"
13642,"354.80",1,216,"354.80","Low Value — Bulk Email Only","08 May 2011"
12888,"354.12",2,214,"177.06","Low Value — Bulk Email Only","09 May 2011"
12715,"353.86",1,106,"353.86","Low Value — Bulk Email Only","25 Aug 2011"
13210,"353.48",1,94,"353.48","Low Value — Bulk Email Only","07 Sep 2011"
13343,"353.43",1,178,"353.43","Low Value — Bulk Email Only","15 Jun 2011"
17976,"353.19",1,372,"353.19","Low Value — Bulk Email Only","02 Dec 2010"
12566,"351.65",1,86,"351.65","Low Value — Bulk Email Only","14 Sep 2011"
15789,"351.30",1,358,"351.30","Low Value — Bulk Email Only","16 Dec 2010"
13740,"350.75",1,241,"350.75","Low Value — Bulk Email Only","13 Apr 2011"
13108,"350.06",1,373,"350.06","Low Value — Bulk Email Only","02 Dec 2010"
13670,"349.70",1,75,"349.70","Low Value — Bulk Email Only","25 Sep 2011"
13887,"349.55",1,204,"349.55","Low Value — Bulk Email Only","19 May 2011"
18250,"349.27",1,310,"349.27","Low Value — Bulk Email Only","02 Feb 2011"
15405,"349.10",1,189,"349.10","Low Value — Bulk Email Only","03 Jun 2011"
13927,"348.99",1,75,"348.99","Low Value — Bulk Email Only","26 Sep 2011"
16159,"348.20",1,282,"348.20","Low Value — Bulk Email Only","03 Mar 2011"
13052,"348.15",1,212,"348.15","Low Value — Bulk Email Only","11 May 2011"
13497,"348.05",2,283,"174.03","Low Value — Bulk Email Only","02 Mar 2011"
13649,"346.60",2,257,"173.30","Low Value — Bulk Email Only","28 Mar 2011"
17123,"345.30",1,162,"345.30","Low Value — Bulk Email Only","01 Jul 2011"
13774,"345.00",1,82,"345.00","Low Value — Bulk Email Only","19 Sep 2011"
14633,"344.90",1,266,"344.90","Low Value — Bulk Email Only","18 Mar 2011"
16978,"344.33",1,78,"344.33","Low Value — Bulk Email Only","23 Sep 2011"
17569,"344.14",1,332,"344.14","Low Value — Bulk Email Only","11 Jan 2011"
15047,"343.62",1,270,"343.62","Low Value — Bulk Email Only","15 Mar 2011"
15880,"343.28",1,369,"343.28","Low Value — Bulk Email Only","05 Dec 2010"
13737,"339.60",1,200,"339.60","Low Value — Bulk Email Only","23 May 2011"
16545,"339.30",1,165,"339.30","Low Value — Bulk Email Only","28 Jun 2011"
17697,"338.95",1,236,"338.95","Low Value — Bulk Email Only","17 Apr 2011"
15652,"337.74",1,91,"337.74","Low Value — Bulk Email Only","09 Sep 2011"
15942,"337.44",1,134,"337.44","Low Value — Bulk Email Only","29 Jul 2011"
16105,"336.96",1,249,"336.96","Low Value — Bulk Email Only","05 Apr 2011"
15921,"336.03",1,173,"336.03","Low Value — Bulk Email Only","20 Jun 2011"
14196,"335.52",1,107,"335.52","Low Value — Bulk Email Only","25 Aug 2011"
16063,"335.32",1,260,"335.32","Low Value — Bulk Email Only","24 Mar 2011"
12489,"334.93",1,336,"334.93","Low Value — Bulk Email Only","07 Jan 2011"
14988,"334.54",1,212,"334.54","Low Value — Bulk Email Only","12 May 2011"
15466,"334.53",1,85,"334.53","Low Value — Bulk Email Only","15 Sep 2011"
12350,"334.40",1,310,"334.40","Low Value — Bulk Email Only","02 Feb 2011"
13216,"333.74",1,268,"333.74","Low Value — Bulk Email Only","17 Mar 2011"
16625,"333.08",1,275,"333.08","Low Value — Bulk Email Only","10 Mar 2011"
16850,"332.41",1,334,"332.41","Low Value — Bulk Email Only","10 Jan 2011"
16030,"331.24",1,310,"331.24","Low Value — Bulk Email Only","03 Feb 2011"
15210,"331.18",1,225,"331.18","Low Value — Bulk Email Only","28 Apr 2011"
17862,"330.90",1,324,"330.90","Low Value — Bulk Email Only","20 Jan 2011"
13706,"330.79",1,303,"330.79","Low Value — Bulk Email Only","10 Feb 2011"
15130,"330.11",1,170,"330.11","Low Value — Bulk Email Only","23 Jun 2011"
17866,"329.65",1,143,"329.65","Low Value — Bulk Email Only","20 Jul 2011"
13239,"329.56",1,262,"329.56","Low Value — Bulk Email Only","23 Mar 2011"
17154,"329.34",1,75,"329.34","Low Value — Bulk Email Only","25 Sep 2011"
14012,"328.80",1,278,"328.80","Low Value — Bulk Email Only","07 Mar 2011"
14747,"328.20",1,249,"328.20","Low Value — Bulk Email Only","04 Apr 2011"
14206,"328.16",1,239,"328.16","Low Value — Bulk Email Only","14 Apr 2011"
17805,"327.99",1,74,"327.99","Low Value — Bulk Email Only","27 Sep 2011"
15314,"327.97",1,199,"327.97","Low Value — Bulk Email Only","24 May 2011"
14870,"327.25",1,262,"327.25","Low Value — Bulk Email Only","23 Mar 2011"
15363,"326.00",1,373,"326.00","Low Value — Bulk Email Only","02 Dec 2010"
14850,"325.75",1,312,"325.75","Low Value — Bulk Email Only","01 Feb 2011"
15944,"325.10",1,277,"325.10","Low Value — Bulk Email Only","08 Mar 2011"
12790,"324.92",1,192,"324.92","Low Value — Bulk Email Only","31 May 2011"
16739,"323.00",1,177,"323.00","Low Value — Bulk Email Only","16 Jun 2011"
16627,"322.80",1,79,"322.80","Low Value — Bulk Email Only","21 Sep 2011"
15236,"321.05",1,299,"321.05","Low Value — Bulk Email Only","14 Feb 2011"
16096,"320.62",1,264,"320.62","Low Value — Bulk Email Only","20 Mar 2011"
14622,"320.58",1,185,"320.58","Low Value — Bulk Email Only","08 Jun 2011"
16967,"319.02",1,189,"319.02","Low Value — Bulk Email Only","03 Jun 2011"
17248,"318.65",1,120,"318.65","Low Value — Bulk Email Only","11 Aug 2011"
12648,"318.05",1,155,"318.05","Low Value — Bulk Email Only","08 Jul 2011"
18066,"318.00",1,75,"318.00","Low Value — Bulk Email Only","25 Sep 2011"
17172,"317.76",1,79,"317.76","Low Value — Bulk Email Only","22 Sep 2011"
15257,"317.15",1,283,"317.15","Low Value — Bulk Email Only","01 Mar 2011"
15243,"316.68",1,74,"316.68","Low Value — Bulk Email Only","26 Sep 2011"
16761,"316.62",1,97,"316.62","Low Value — Bulk Email Only","04 Sep 2011"
15204,"316.58",1,357,"316.58","Low Value — Bulk Email Only","17 Dec 2010"
13494,"316.26",1,312,"316.26","Low Value — Bulk Email Only","01 Feb 2011"
12614,"315.60",1,278,"315.60","Low Value — Bulk Email Only","07 Mar 2011"
16193,"314.45",1,237,"314.45","Low Value — Bulk Email Only","17 Apr 2011"
16227,"314.22",1,225,"314.22","Low Value — Bulk Email Only","28 Apr 2011"
15970,"314.10",1,304,"314.10","Low Value — Bulk Email Only","09 Feb 2011"
13484,"313.80",1,241,"313.80","Low Value — Bulk Email Only","12 Apr 2011"
16582,"313.62",1,113,"313.62","Low Value — Bulk Email Only","18 Aug 2011"
14729,"313.49",1,374,"313.49","Low Value — Bulk Email Only","01 Dec 2010"
12834,"312.38",1,283,"312.38","Low Value — Bulk Email Only","02 Mar 2011"
17070,"312.14",1,114,"312.14","Low Value — Bulk Email Only","17 Aug 2011"
12785,"311.95",1,364,"311.95","Low Value — Bulk Email Only","10 Dec 2010"
16450,"311.92",1,150,"311.92","Low Value — Bulk Email Only","13 Jul 2011"
14142,"311.81",1,373,"311.81","Low Value — Bulk Email Only","01 Dec 2010"
15326,"311.71",1,334,"311.71","Low Value — Bulk Email Only","10 Jan 2011"
14951,"311.69",1,79,"311.69","Low Value — Bulk Email Only","21 Sep 2011"
14327,"311.65",1,163,"311.65","Low Value — Bulk Email Only","29 Jun 2011"
12852,"311.55",1,295,"311.55","Low Value — Bulk Email Only","18 Feb 2011"
13990,"311.30",1,213,"311.30","Low Value — Bulk Email Only","10 May 2011"
16781,"311.25",1,372,"311.25","Low Value — Bulk Email Only","02 Dec 2010"
15308,"310.47",1,274,"310.47","Low Value — Bulk Email Only","10 Mar 2011"
14311,"310.26",1,243,"310.26","Low Value — Bulk Email Only","11 Apr 2011"
14924,"310.05",1,246,"310.05","Low Value — Bulk Email Only","08 Apr 2011"
16810,"309.54",1,192,"309.54","Low Value — Bulk Email Only","31 May 2011"
14339,"309.52",1,243,"309.52","Low Value — Bulk Email Only","11 Apr 2011"
14847,"309.40",1,149,"309.40","Low Value — Bulk Email Only","14 Jul 2011"
12884,"309.05",1,88,"309.05","Low Value — Bulk Email Only","12 Sep 2011"
13787,"309.04",2,76,"154.52","Low Value — Bulk Email Only","25 Sep 2011"
13699,"308.58",1,155,"308.58","Low Value — Bulk Email Only","07 Jul 2011"
13369,"308.28",1,366,"308.28","Low Value — Bulk Email Only","09 Dec 2010"
13466,"307.90",1,184,"307.90","Low Value — Bulk Email Only","08 Jun 2011"
15973,"307.82",1,367,"307.82","Low Value — Bulk Email Only","08 Dec 2010"
13529,"307.76",2,79,"153.88","Low Value — Bulk Email Only","22 Sep 2011"
13395,"307.72",1,185,"307.72","Low Value — Bulk Email Only","07 Jun 2011"
13060,"307.53",1,254,"307.53","Low Value — Bulk Email Only","31 Mar 2011"
17120,"307.46",1,233,"307.46","Low Value — Bulk Email Only","20 Apr 2011"
13932,"307.40",1,295,"307.40","Low Value — Bulk Email Only","18 Feb 2011"
17551,"306.84",1,359,"306.84","Low Value — Bulk Email Only","15 Dec 2010"
13762,"306.72",1,219,"306.72","Low Value — Bulk Email Only","05 May 2011"
13718,"306.55",2,246,"153.28","Low Value — Bulk Email Only","07 Apr 2011"
17176,"306.13",1,202,"306.13","Low Value — Bulk Email Only","22 May 2011"
18251,"306.00",1,87,"306.00","Low Value — Bulk Email Only","13 Sep 2011"
13863,"305.78",1,248,"305.78","Low Value — Bulk Email Only","06 Apr 2011"
15219,"305.75",1,176,"305.75","Low Value — Bulk Email Only","16 Jun 2011"
16796,"305.62",1,89,"305.62","Low Value — Bulk Email Only","11 Sep 2011"
16181,"305.54",1,73,"305.54","Low Value — Bulk Email Only","27 Sep 2011"
13045,"305.28",1,99,"305.28","Low Value — Bulk Email Only","01 Sep 2011"
12623,"305.10",1,276,"305.10","Low Value — Bulk Email Only","08 Mar 2011"
13667,"305.02",1,149,"305.02","Low Value — Bulk Email Only","13 Jul 2011"
18185,"304.25",1,249,"304.25","Low Value — Bulk Email Only","04 Apr 2011"
17732,"303.97",1,373,"303.97","Low Value — Bulk Email Only","02 Dec 2010"
16400,"303.93",1,95,"303.93","Low Value — Bulk Email Only","06 Sep 2011"
17433,"303.16",1,88,"303.16","Low Value — Bulk Email Only","12 Sep 2011"
16425,"302.70",1,302,"302.70","Low Value — Bulk Email Only","10 Feb 2011"
14248,"302.58",1,318,"302.58","Low Value — Bulk Email Only","25 Jan 2011"
18165,"302.46",1,177,"302.46","Low Value — Bulk Email Only","15 Jun 2011"
16292,"302.25",1,122,"302.25","Low Value — Bulk Email Only","10 Aug 2011"
17506,"302.20",1,76,"302.20","Low Value — Bulk Email Only","25 Sep 2011"
17094,"302.00",1,322,"302.00","Low Value — Bulk Email Only","21 Jan 2011"
16297,"301.90",1,269,"301.90","Low Value — Bulk Email Only","16 Mar 2011"
15623,"301.03",1,141,"301.03","Low Value — Bulk Email Only","21 Jul 2011"
13479,"300.95",2,201,"150.47","Low Value — Bulk Email Only","23 May 2011"
14762,"300.52",1,264,"300.52","Low Value — Bulk Email Only","21 Mar 2011"
13304,"300.42",1,351,"300.42","Low Value — Bulk Email Only","23 Dec 2010"
15254,"300.36",1,127,"300.36","Low Value — Bulk Email Only","04 Aug 2011"
13745,"300.04",1,162,"300.04","Low Value — Bulk Email Only","30 Jun 2011"
18215,"299.34",1,89,"299.34","Low Value — Bulk Email Only","11 Sep 2011"
17124,"298.89",1,185,"298.89","Low Value — Bulk Email Only","07 Jun 2011"
15609,"298.48",1,184,"298.48","Low Value — Bulk Email Only","08 Jun 2011"
17678,"298.11",1,264,"298.11","Low Value — Bulk Email Only","21 Mar 2011"
12881,"298.00",1,276,"298.00","Low Value — Bulk Email Only","09 Mar 2011"
13708,"296.88",1,271,"296.88","Low Value — Bulk Email Only","13 Mar 2011"
17531,"296.70",1,190,"296.70","Low Value — Bulk Email Only","02 Jun 2011"
13441,"296.64",1,92,"296.64","Low Value — Bulk Email Only","09 Sep 2011"
15154,"296.42",1,75,"296.42","Low Value — Bulk Email Only","25 Sep 2011"
13751,"296.25",1,288,"296.25","Low Value — Bulk Email Only","24 Feb 2011"
12829,"293.00",2,337,"146.50","Low Value — Bulk Email Only","07 Jan 2011"
16721,"292.47",1,262,"292.47","Low Value — Bulk Email Only","22 Mar 2011"
15279,"290.51",1,355,"290.51","Low Value — Bulk Email Only","20 Dec 2010"
16526,"290.36",1,172,"290.36","Low Value — Bulk Email Only","21 Jun 2011"
16125,"289.35",1,367,"289.35","Low Value — Bulk Email Only","07 Dec 2010"
14549,"289.24",1,311,"289.24","Low Value — Bulk Email Only","01 Feb 2011"
15396,"288.18",1,113,"288.18","Low Value — Bulk Email Only","19 Aug 2011"
13062,"286.50",1,191,"286.50","Low Value — Bulk Email Only","01 Jun 2011"
17140,"285.32",1,247,"285.32","Low Value — Bulk Email Only","06 Apr 2011"
16429,"284.55",1,106,"284.55","Low Value — Bulk Email Only","25 Aug 2011"
13121,"283.73",1,269,"283.73","Low Value — Bulk Email Only","15 Mar 2011"
13439,"283.71",1,255,"283.71","Low Value — Bulk Email Only","29 Mar 2011"
17251,"283.28",1,363,"283.28","Low Value — Bulk Email Only","12 Dec 2010"
17694,"283.12",1,142,"283.12","Low Value — Bulk Email Only","21 Jul 2011"
14350,"282.93",1,274,"282.93","Low Value — Bulk Email Only","10 Mar 2011"
13754,"282.60",2,152,"141.30","Low Value — Bulk Email Only","11 Jul 2011"
16276,"277.80",1,177,"277.80","Low Value — Bulk Email Only","16 Jun 2011"
14908,"277.80",1,74,"277.80","Low Value — Bulk Email Only","26 Sep 2011"
17968,"277.35",1,374,"277.35","Low Value — Bulk Email Only","01 Dec 2010"
13803,"277.07",1,255,"277.07","Low Value — Bulk Email Only","29 Mar 2011"
12750,"275.88",1,129,"275.88","Low Value — Bulk Email Only","03 Aug 2011"
16727,"272.82",1,364,"272.82","Low Value — Bulk Email Only","10 Dec 2010"
17498,"272.22",1,76,"272.22","Low Value — Bulk Email Only","25 Sep 2011"
14816,"271.85",1,197,"271.85","Low Value — Bulk Email Only","26 May 2011"
13837,"271.24",2,212,"135.62","Low Value — Bulk Email Only","12 May 2011"
17496,"271.05",1,359,"271.05","Low Value — Bulk Email Only","16 Dec 2010"
18108,"271.00",1,254,"271.00","Low Value — Bulk Email Only","30 Mar 2011"
14727,"268.58",1,274,"268.58","Low Value — Bulk Email Only","10 Mar 2011"
15408,"267.18",1,264,"267.18","Low Value — Bulk Email Only","20 Mar 2011"
15517,"267.03",1,233,"267.03","Low Value — Bulk Email Only","20 Apr 2011"
16451,"266.97",1,88,"266.97","Low Value — Bulk Email Only","13 Sep 2011"
15119,"266.40",1,246,"266.40","Low Value — Bulk Email Only","08 Apr 2011"
15019,"266.00",1,267,"266.00","Low Value — Bulk Email Only","18 Mar 2011"
14068,"265.85",1,320,"265.85","Low Value — Bulk Email Only","23 Jan 2011"
14423,"265.20",1,218,"265.20","Low Value — Bulk Email Only","05 May 2011"
13973,"264.70",1,287,"264.70","Low Value — Bulk Email Only","25 Feb 2011"
15143,"259.45",1,226,"259.45","Low Value — Bulk Email Only","28 Apr 2011"
13127,"259.17",1,78,"259.17","Low Value — Bulk Email Only","23 Sep 2011"
16447,"259.01",1,136,"259.01","Low Value — Bulk Email Only","27 Jul 2011"
13227,"257.70",1,202,"257.70","Low Value — Bulk Email Only","22 May 2011"
14375,"257.68",1,185,"257.68","Low Value — Bulk Email Only","07 Jun 2011"
18009,"257.34",1,235,"257.34","Low Value — Bulk Email Only","18 Apr 2011"
13626,"257.23",1,253,"257.23","Low Value — Bulk Email Only","01 Apr 2011"
15261,"254.82",1,135,"254.82","Low Value — Bulk Email Only","27 Jul 2011"
12604,"254.18",2,79,"127.09","Low Value — Bulk Email Only","21 Sep 2011"
12797,"254.03",1,366,"254.03","Low Value — Bulk Email Only","09 Dec 2010"
17860,"252.80",1,369,"252.80","Low Value — Bulk Email Only","06 Dec 2010"
15035,"252.73",1,90,"252.73","Low Value — Bulk Email Only","11 Sep 2011"
15346,"252.42",1,333,"252.42","Low Value — Bulk Email Only","11 Jan 2011"
13645,"252.10",1,120,"252.10","Low Value — Bulk Email Only","11 Aug 2011"
13711,"252.06",2,219,"126.03","Low Value — Bulk Email Only","05 May 2011"
16976,"251.52",1,267,"251.52","Low Value — Bulk Email Only","17 Mar 2011"
13512,"251.21",1,261,"251.21","Low Value — Bulk Email Only","24 Mar 2011"
17303,"250.04",1,361,"250.04","Low Value — Bulk Email Only","13 Dec 2010"
15510,"250.00",1,331,"250.00","Low Value — Bulk Email Only","13 Jan 2011"
17456,"249.86",1,365,"249.86","Low Value — Bulk Email Only","09 Dec 2010"
16124,"249.00",1,317,"249.00","Low Value — Bulk Email Only","26 Jan 2011"
18212,"248.42",1,326,"248.42","Low Value — Bulk Email Only","17 Jan 2011"
17464,"248.20",1,158,"248.20","Low Value — Bulk Email Only","04 Jul 2011"
16510,"248.10",1,372,"248.10","Low Value — Bulk Email Only","02 Dec 2010"
18072,"247.44",1,186,"247.44","Low Value — Bulk Email Only","07 Jun 2011"
17051,"247.14",1,194,"247.14","Low Value — Bulk Email Only","29 May 2011"
15087,"246.46",1,282,"246.46","Low Value — Bulk Email Only","03 Mar 2011"
17278,"246.04",1,241,"246.04","Low Value — Bulk Email Only","12 Apr 2011"
17925,"244.08",1,373,"244.08","Low Value — Bulk Email Only","02 Dec 2010"
18193,"243.76",1,165,"243.76","Low Value — Bulk Email Only","27 Jun 2011"
17908,"243.28",1,374,"243.28","Low Value — Bulk Email Only","01 Dec 2010"
14647,"243.22",1,201,"243.22","Low Value — Bulk Email Only","22 May 2011"
16215,"242.35",1,81,"242.35","Low Value — Bulk Email Only","20 Sep 2011"
15776,"241.62",1,133,"241.62","Low Value — Bulk Email Only","29 Jul 2011"
14523,"241.09",1,108,"241.09","Low Value — Bulk Email Only","23 Aug 2011"
13570,"239.49",1,243,"239.49","Low Value — Bulk Email Only","10 Apr 2011"
16756,"239.40",1,215,"239.40","Low Value — Bulk Email Only","09 May 2011"
12561,"238.85",1,303,"238.85","Low Value — Bulk Email Only","10 Feb 2011"
17877,"237.61",1,170,"237.61","Low Value — Bulk Email Only","22 Jun 2011"
17553,"237.60",1,130,"237.60","Low Value — Bulk Email Only","02 Aug 2011"
14586,"237.36",1,277,"237.36","Low Value — Bulk Email Only","08 Mar 2011"
15457,"237.07",1,262,"237.07","Low Value — Bulk Email Only","22 Mar 2011"
12732,"236.26",1,180,"236.26","Low Value — Bulk Email Only","13 Jun 2011"
13187,"236.02",1,337,"236.02","Low Value — Bulk Email Only","06 Jan 2011"
16961,"234.17",1,116,"234.17","Low Value — Bulk Email Only","15 Aug 2011"
12736,"234.00",1,333,"234.00","Low Value — Bulk Email Only","11 Jan 2011"
16583,"233.45",1,374,"233.45","Low Value — Bulk Email Only","01 Dec 2010"
16302,"233.22",1,127,"233.22","Low Value — Bulk Email Only","05 Aug 2011"
18213,"232.48",1,237,"232.48","Low Value — Bulk Email Only","17 Apr 2011"
16117,"232.21",1,190,"232.21","Low Value — Bulk Email Only","03 Jun 2011"
16641,"231.10",1,106,"231.10","Low Value — Bulk Email Only","26 Aug 2011"
15866,"230.53",1,101,"230.53","Low Value — Bulk Email Only","30 Aug 2011"
13786,"230.40",1,367,"230.40","Low Value — Bulk Email Only","07 Dec 2010"
16926,"230.25",1,371,"230.25","Low Value — Bulk Email Only","03 Dec 2010"
13474,"229.59",1,236,"229.59","Low Value — Bulk Email Only","17 Apr 2011"
13008,"229.47",1,323,"229.47","Low Value — Bulk Email Only","20 Jan 2011"
15528,"229.33",1,254,"229.33","Low Value — Bulk Email Only","30 Mar 2011"
13712,"228.84",1,247,"228.84","Low Value — Bulk Email Only","07 Apr 2011"
13070,"228.80",1,192,"228.80","Low Value — Bulk Email Only","31 May 2011"
16527,"228.06",1,81,"228.06","Low Value — Bulk Email Only","19 Sep 2011"
17212,"226.85",1,253,"226.85","Low Value — Bulk Email Only","31 Mar 2011"
16315,"226.37",1,331,"226.37","Low Value — Bulk Email Only","13 Jan 2011"
16619,"226.21",1,264,"226.21","Low Value — Bulk Email Only","21 Mar 2011"
17789,"225.90",1,281,"225.90","Low Value — Bulk Email Only","03 Mar 2011"
12672,"225.90",1,330,"225.90","Low Value — Bulk Email Only","14 Jan 2011"
12402,"225.60",1,323,"225.60","Low Value — Bulk Email Only","20 Jan 2011"
16587,"225.15",1,232,"225.15","Low Value — Bulk Email Only","21 Apr 2011"
17171,"224.91",1,289,"224.91","Low Value — Bulk Email Only","23 Feb 2011"
16471,"223.95",1,275,"223.95","Low Value — Bulk Email Only","10 Mar 2011"
13382,"222.99",1,281,"222.99","Low Value — Bulk Email Only","04 Mar 2011"
16715,"222.52",1,78,"222.52","Low Value — Bulk Email Only","22 Sep 2011"
16392,"221.19",1,270,"221.19","Low Value — Bulk Email Only","15 Mar 2011"
18114,"220.10",1,290,"220.10","Low Value — Bulk Email Only","22 Feb 2011"
13600,"219.52",1,312,"219.52","Low Value — Bulk Email Only","31 Jan 2011"
17619,"218.52",1,312,"218.52","Low Value — Bulk Email Only","31 Jan 2011"
12574,"218.45",1,316,"218.45","Low Value — Bulk Email Only","28 Jan 2011"
15554,"217.20",1,278,"217.20","Low Value — Bulk Email Only","07 Mar 2011"
15460,"216.76",1,354,"216.76","Low Value — Bulk Email Only","20 Dec 2010"
12897,"216.50",2,205,"108.25","Low Value — Bulk Email Only","19 May 2011"
15052,"215.78",1,319,"215.78","Low Value — Bulk Email Only","24 Jan 2011"
14476,"215.70",1,257,"215.70","Low Value — Bulk Email Only","27 Mar 2011"
15361,"215.40",1,362,"215.40","Low Value — Bulk Email Only","13 Dec 2010"
13678,"215.32",1,152,"215.32","Low Value — Bulk Email Only","11 Jul 2011"
12831,"215.05",1,262,"215.05","Low Value — Bulk Email Only","22 Mar 2011"
16338,"214.80",1,157,"214.80","Low Value — Bulk Email Only","05 Jul 2011"
13621,"213.85",1,117,"213.85","Low Value — Bulk Email Only","15 Aug 2011"
14241,"213.70",1,184,"213.70","Low Value — Bulk Email Only","09 Jun 2011"
13411,"213.55",1,107,"213.55","Low Value — Bulk Email Only","24 Aug 2011"
15703,"211.50",1,265,"211.50","Low Value — Bulk Email Only","20 Mar 2011"
12995,"211.32",1,85,"211.32","Low Value — Bulk Email Only","15 Sep 2011"
17855,"208.97",1,373,"208.97","Low Value — Bulk Email Only","02 Dec 2010"
17514,"208.65",1,128,"208.65","Low Value — Bulk Email Only","03 Aug 2011"
16457,"208.36",1,218,"208.36","Low Value — Bulk Email Only","05 May 2011"
12547,"207.80",2,198,"103.90","Low Value — Bulk Email Only","26 May 2011"
18191,"207.80",1,262,"207.80","Low Value — Bulk Email Only","23 Mar 2011"
17923,"207.50",1,282,"207.50","Low Value — Bulk Email Only","02 Mar 2011"
16752,"207.50",1,373,"207.50","Low Value — Bulk Email Only","02 Dec 2010"
16323,"207.50",1,196,"207.50","Low Value — Bulk Email Only","27 May 2011"
15925,"207.15",1,194,"207.15","Low Value — Bulk Email Only","29 May 2011"
15820,"206.98",1,320,"206.98","Low Value — Bulk Email Only","24 Jan 2011"
14964,"206.21",1,247,"206.21","Low Value — Bulk Email Only","06 Apr 2011"
13065,"205.86",1,373,"205.86","Low Value — Bulk Email Only","01 Dec 2010"
17670,"205.70",1,228,"205.70","Low Value — Bulk Email Only","26 Apr 2011"
17843,"205.48",1,303,"205.48","Low Value — Bulk Email Only","09 Feb 2011"
15307,"205.30",1,96,"205.30","Low Value — Bulk Email Only","05 Sep 2011"
13513,"205.10",1,127,"205.10","Low Value — Bulk Email Only","05 Aug 2011"
15319,"204.50",1,284,"204.50","Low Value — Bulk Email Only","01 Mar 2011"
17187,"203.95",1,227,"203.95","Low Value — Bulk Email Only","27 Apr 2011"
17891,"203.86",1,162,"203.86","Low Value — Bulk Email Only","30 Jun 2011"
15723,"203.10",1,365,"203.10","Low Value — Bulk Email Only","10 Dec 2010"
15347,"201.60",1,366,"201.60","Low Value — Bulk Email Only","08 Dec 2010"
13295,"201.20",1,360,"201.20","Low Value — Bulk Email Only","15 Dec 2010"
13284,"201.19",1,331,"201.19","Low Value — Bulk Email Only","13 Jan 2011"
16965,"201.19",1,227,"201.19","Low Value — Bulk Email Only","27 Apr 2011"
13859,"201.16",1,326,"201.16","Low Value — Bulk Email Only","17 Jan 2011"
17693,"200.47",1,137,"200.47","Low Value — Bulk Email Only","25 Jul 2011"
13262,"200.29",1,263,"200.29","Low Value — Bulk Email Only","21 Mar 2011"
15437,"200.16",1,262,"200.16","Low Value — Bulk Email Only","22 Mar 2011"
14782,"200.10",1,320,"200.10","Low Value — Bulk Email Only","24 Jan 2011"
13723,"199.85",1,217,"199.85","Low Value — Bulk Email Only","06 May 2011"
17987,"198.57",1,185,"198.57","Low Value — Bulk Email Only","07 Jun 2011"
16178,"197.90",1,138,"197.90","Low Value — Bulk Email Only","24 Jul 2011"
12450,"197.88",2,156,"98.94","Low Value — Bulk Email Only","06 Jul 2011"
14185,"197.65",1,331,"197.65","Low Value — Bulk Email Only","12 Jan 2011"
16829,"197.22",1,157,"197.22","Low Value — Bulk Email Only","06 Jul 2011"
15234,"197.00",1,277,"197.00","Low Value — Bulk Email Only","08 Mar 2011"
15746,"196.88",1,134,"196.88","Low Value — Bulk Email Only","28 Jul 2011"
17660,"196.00",1,141,"196.00","Low Value — Bulk Email Only","21 Jul 2011"
14100,"194.90",1,138,"194.90","Low Value — Bulk Email Only","25 Jul 2011"
17475,"194.37",1,79,"194.37","Low Value — Bulk Email Only","21 Sep 2011"
15683,"193.75",1,117,"193.75","Low Value — Bulk Email Only","14 Aug 2011"
17343,"193.64",1,355,"193.64","Low Value — Bulk Email Only","19 Dec 2010"
14806,"193.39",1,75,"193.39","Low Value — Bulk Email Only","25 Sep 2011"
13568,"192.85",1,173,"192.85","Low Value — Bulk Email Only","19 Jun 2011"
12791,"192.60",1,374,"192.60","Low Value — Bulk Email Only","01 Dec 2010"
15909,"191.94",1,174,"191.94","Low Value — Bulk Email Only","19 Jun 2011"
13033,"190.55",1,357,"190.55","Low Value — Bulk Email Only","17 Dec 2010"
15412,"190.53",1,171,"190.53","Low Value — Bulk Email Only","21 Jun 2011"
12361,"189.90",1,287,"189.90","Low Value — Bulk Email Only","25 Feb 2011"
13826,"189.50",1,176,"189.50","Low Value — Bulk Email Only","16 Jun 2011"
13663,"189.47",1,179,"189.47","Low Value — Bulk Email Only","13 Jun 2011"
16448,"188.89",1,198,"188.89","Low Value — Bulk Email Only","25 May 2011"
14722,"187.92",1,147,"187.92","Low Value — Bulk Email Only","15 Jul 2011"
13672,"186.39",2,301,"93.19","Low Value — Bulk Email Only","11 Feb 2011"
12641,"185.90",1,115,"185.90","Low Value — Bulk Email Only","16 Aug 2011"
17574,"185.65",1,243,"185.65","Low Value — Bulk Email Only","11 Apr 2011"
14199,"185.40",1,218,"185.40","Low Value — Bulk Email Only","05 May 2011"
16097,"185.05",1,240,"185.05","Low Value — Bulk Email Only","13 Apr 2011"
13482,"184.64",1,232,"184.64","Low Value — Bulk Email Only","21 Apr 2011"
14326,"183.85",1,242,"183.85","Low Value — Bulk Email Only","11 Apr 2011"
14059,"183.60",1,267,"183.60","Low Value — Bulk Email Only","18 Mar 2011"
13059,"183.40",1,250,"183.40","Low Value — Bulk Email Only","04 Apr 2011"
14082,"182.25",1,365,"182.25","Low Value — Bulk Email Only","10 Dec 2010"
18119,"181.12",1,368,"181.12","Low Value — Bulk Email Only","07 Dec 2010"
16594,"181.09",1,75,"181.09","Low Value — Bulk Email Only","25 Sep 2011"
15945,"181.00",1,365,"181.00","Low Value — Bulk Email Only","09 Dec 2010"
15292,"180.94",1,201,"180.94","Low Value — Bulk Email Only","22 May 2011"
18280,"180.60",1,278,"180.60","Low Value — Bulk Email Only","07 Mar 2011"
15041,"180.35",1,170,"180.35","Low Value — Bulk Email Only","22 Jun 2011"
12622,"180.10",1,232,"180.10","Low Value — Bulk Email Only","21 Apr 2011"
15895,"179.17",1,150,"179.17","Low Value — Bulk Email Only","13 Jul 2011"
15454,"179.10",1,362,"179.10","Low Value — Bulk Email Only","12 Dec 2010"
16990,"179.00",1,219,"179.00","Low Value — Bulk Email Only","05 May 2011"
14705,"179.00",1,199,"179.00","Low Value — Bulk Email Only","25 May 2011"
15262,"178.95",1,324,"178.95","Low Value — Bulk Email Only","20 Jan 2011"
13778,"178.70",1,103,"178.70","Low Value — Bulk Email Only","28 Aug 2011"
17879,"178.52",1,174,"178.52","Low Value — Bulk Email Only","19 Jun 2011"
17356,"178.22",1,312,"178.22","Low Value — Bulk Email Only","01 Feb 2011"
16333,"177.60",1,192,"177.60","Low Value — Bulk Email Only","31 May 2011"
16403,"177.50",1,312,"177.50","Low Value — Bulk Email Only","31 Jan 2011"
13618,"177.34",1,174,"177.34","Low Value — Bulk Email Only","19 Jun 2011"
13072,"177.15",1,267,"177.15","Low Value — Bulk Email Only","18 Mar 2011"
12509,"176.50",1,284,"176.50","Low Value — Bulk Email Only","28 Feb 2011"
17582,"175.27",1,236,"175.27","Low Value — Bulk Email Only","17 Apr 2011"
16144,"175.20",1,247,"175.20","Low Value — Bulk Email Only","07 Apr 2011"
17331,"175.20",1,124,"175.20","Low Value — Bulk Email Only","08 Aug 2011"
18010,"174.80",1,257,"174.80","Low Value — Bulk Email Only","28 Mar 2011"
14355,"174.40",1,366,"174.40","Low Value — Bulk Email Only","09 Dec 2010"
18278,"173.90",1,74,"173.90","Low Value — Bulk Email Only","27 Sep 2011"
16565,"173.70",1,364,"173.70","Low Value — Bulk Email Only","10 Dec 2010"
12441,"173.55",1,367,"173.55","Low Value — Bulk Email Only","08 Dec 2010"
15670,"173.05",1,297,"173.05","Low Value — Bulk Email Only","16 Feb 2011"
14693,"172.90",1,265,"172.90","Low Value — Bulk Email Only","20 Mar 2011"
13922,"172.25",1,352,"172.25","Low Value — Bulk Email Only","23 Dec 2010"
14536,"171.80",1,260,"171.80","Low Value — Bulk Email Only","25 Mar 2011"
17245,"171.45",1,205,"171.45","Low Value — Bulk Email Only","19 May 2011"
17542,"170.75",1,270,"170.75","Low Value — Bulk Email Only","15 Mar 2011"
15016,"170.04",1,173,"170.04","Low Value — Bulk Email Only","20 Jun 2011"
18004,"169.47",1,362,"169.47","Low Value — Bulk Email Only","12 Dec 2010"
18269,"168.60",1,366,"168.60","Low Value — Bulk Email Only","08 Dec 2010"
17367,"168.40",1,238,"168.40","Low Value — Bulk Email Only","15 Apr 2011"
15888,"168.31",1,81,"168.31","Low Value — Bulk Email Only","20 Sep 2011"
18099,"168.31",1,127,"168.31","Low Value — Bulk Email Only","04 Aug 2011"
16282,"168.30",1,340,"168.30","Low Value — Bulk Email Only","04 Jan 2011"
15374,"168.00",1,129,"168.00","Low Value — Bulk Email Only","03 Aug 2011"
12551,"168.00",1,358,"168.00","Low Value — Bulk Email Only","17 Dec 2010"
12817,"166.04",1,281,"166.04","Low Value — Bulk Email Only","03 Mar 2011"
14552,"165.07",1,152,"165.07","Low Value — Bulk Email Only","11 Jul 2011"
15316,"165.00",1,327,"165.00","Low Value — Bulk Email Only","17 Jan 2011"
13470,"165.00",2,99,"82.50","Low Value — Bulk Email Only","01 Sep 2011"
17535,"164.40",1,280,"164.40","Low Value — Bulk Email Only","04 Mar 2011"
18200,"163.80",1,106,"163.80","Low Value — Bulk Email Only","25 Aug 2011"
17110,"163.30",1,165,"163.30","Low Value — Bulk Email Only","27 Jun 2011"
13223,"163.20",2,200,"81.60","Low Value — Bulk Email Only","23 May 2011"
15167,"163.00",1,321,"163.00","Low Value — Bulk Email Only","23 Jan 2011"
16517,"162.70",1,277,"162.70","Low Value — Bulk Email Only","07 Mar 2011"
15733,"162.30",1,283,"162.30","Low Value — Bulk Email Only","02 Mar 2011"
15325,"162.29",1,104,"162.29","Low Value — Bulk Email Only","28 Aug 2011"
16113,"161.38",1,183,"161.38","Low Value — Bulk Email Only","09 Jun 2011"
14237,"161.00",1,373,"161.00","Low Value — Bulk Email Only","01 Dec 2010"
13229,"160.95",1,226,"160.95","Low Value — Bulk Email Only","28 Apr 2011"
12573,"160.54",1,227,"160.54","Low Value — Bulk Email Only","26 Apr 2011"
18203,"160.42",1,157,"160.42","Low Value — Bulk Email Only","05 Jul 2011"
13420,"159.85",2,150,"79.92","Low Value — Bulk Email Only","13 Jul 2011"
16213,"159.00",1,79,"159.00","Low Value — Bulk Email Only","22 Sep 2011"
18224,"158.95",1,264,"158.95","Low Value — Bulk Email Only","21 Mar 2011"
13937,"158.85",1,169,"158.85","Low Value — Bulk Email Only","23 Jun 2011"
17165,"158.68",1,284,"158.68","Low Value — Bulk Email Only","28 Feb 2011"
15160,"158.16",1,357,"158.16","Low Value — Bulk Email Only","17 Dec 2010"
17556,"157.90",1,206,"157.90","Low Value — Bulk Email Only","18 May 2011"
14148,"157.20",1,234,"157.20","Low Value — Bulk Email Only","20 Apr 2011"
17128,"157.09",1,335,"157.09","Low Value — Bulk Email Only","09 Jan 2011"
17118,"157.02",1,318,"157.02","Low Value — Bulk Email Only","26 Jan 2011"
15007,"156.91",1,159,"156.91","Low Value — Bulk Email Only","03 Jul 2011"
14406,"156.75",1,119,"156.75","Low Value — Bulk Email Only","12 Aug 2011"
15438,"156.58",1,131,"156.58","Low Value — Bulk Email Only","31 Jul 2011"
15263,"156.51",1,107,"156.51","Low Value — Bulk Email Only","25 Aug 2011"
13898,"155.93",1,326,"155.93","Low Value — Bulk Email Only","18 Jan 2011"
17871,"155.90",1,205,"155.90","Low Value — Bulk Email Only","19 May 2011"
17899,"155.80",1,159,"155.80","Low Value — Bulk Email Only","03 Jul 2011"
12738,"155.35",1,372,"155.35","Low Value — Bulk Email Only","02 Dec 2010"
15447,"155.17",1,331,"155.17","Low Value — Bulk Email Only","13 Jan 2011"
13809,"155.05",1,305,"155.05","Low Value — Bulk Email Only","07 Feb 2011"
14368,"155.00",1,320,"155.00","Low Value — Bulk Email Only","24 Jan 2011"
14046,"154.99",1,284,"154.99","Low Value — Bulk Email Only","28 Feb 2011"
17698,"154.95",1,261,"154.95","Low Value — Bulk Email Only","24 Mar 2011"
15226,"154.41",1,311,"154.41","Low Value — Bulk Email Only","02 Feb 2011"
17517,"153.94",1,309,"153.94","Low Value — Bulk Email Only","04 Feb 2011"
16351,"153.90",1,333,"153.90","Low Value — Bulk Email Only","11 Jan 2011"
17714,"153.00",1,321,"153.00","Low Value — Bulk Email Only","23 Jan 2011"
17984,"152.68",1,145,"152.68","Low Value — Bulk Email Only","17 Jul 2011"
18138,"152.65",1,295,"152.65","Low Value — Bulk Email Only","17 Feb 2011"
14066,"152.55",1,267,"152.55","Low Value — Bulk Email Only","18 Mar 2011"
13514,"152.20",1,74,"152.20","Low Value — Bulk Email Only","27 Sep 2011"
16617,"151.85",1,236,"151.85","Low Value — Bulk Email Only","18 Apr 2011"
14208,"151.74",1,95,"151.74","Low Value — Bulk Email Only","06 Sep 2011"
13462,"151.50",1,253,"151.50","Low Value — Bulk Email Only","01 Apr 2011"
16461,"151.42",1,178,"151.42","Low Value — Bulk Email Only","15 Jun 2011"
15717,"150.30",1,234,"150.30","Low Value — Bulk Email Only","19 Apr 2011"
17234,"149.89",1,183,"149.89","Low Value — Bulk Email Only","10 Jun 2011"
18262,"149.48",1,140,"149.48","Low Value — Bulk Email Only","22 Jul 2011"
17859,"148.21",1,305,"148.21","Low Value — Bulk Email Only","08 Feb 2011"
15503,"147.09",1,363,"147.09","Low Value — Bulk Email Only","12 Dec 2010"
14238,"146.85",1,326,"146.85","Low Value — Bulk Email Only","17 Jan 2011"
16893,"145.93",1,367,"145.93","Low Value — Bulk Email Only","08 Dec 2010"
12565,"145.92",1,289,"145.92","Low Value — Bulk Email Only","24 Feb 2011"
13866,"145.67",1,74,"145.67","Low Value — Bulk Email Only","26 Sep 2011"
17978,"145.40",1,365,"145.40","Low Value — Bulk Email Only","09 Dec 2010"
16598,"145.05",1,286,"145.05","Low Value — Bulk Email Only","27 Feb 2011"
17524,"145.00",1,361,"145.00","Low Value — Bulk Email Only","13 Dec 2010"
12974,"144.80",1,198,"144.80","Low Value — Bulk Email Only","26 May 2011"
14109,"144.20",1,73,"144.20","Low Value — Bulk Email Only","28 Sep 2011"
17578,"143.46",1,218,"143.46","Low Value — Bulk Email Only","05 May 2011"
15705,"143.10",1,201,"143.10","Low Value — Bulk Email Only","22 May 2011"
13299,"142.50",1,268,"142.50","Low Value — Bulk Email Only","16 Mar 2011"
14386,"142.40",1,297,"142.40","Low Value — Bulk Email Only","16 Feb 2011"
13584,"142.40",1,307,"142.40","Low Value — Bulk Email Only","06 Feb 2011"
13561,"141.86",1,216,"141.86","Low Value — Bulk Email Only","08 May 2011"
14041,"141.41",1,266,"141.41","Low Value — Bulk Email Only","18 Mar 2011"
15388,"140.54",1,270,"140.54","Low Value — Bulk Email Only","14 Mar 2011"
17718,"139.35",1,232,"139.35","Low Value — Bulk Email Only","21 Apr 2011"
16483,"139.35",1,192,"139.35","Low Value — Bulk Email Only","31 May 2011"
14772,"139.26",1,112,"139.26","Low Value — Bulk Email Only","19 Aug 2011"
17941,"139.20",1,131,"139.20","Low Value — Bulk Email Only","01 Aug 2011"
15135,"139.05",1,239,"139.05","Low Value — Bulk Email Only","14 Apr 2011"
13273,"138.98",1,113,"138.98","Low Value — Bulk Email Only","18 Aug 2011"
12902,"138.68",1,265,"138.68","Low Value — Bulk Email Only","20 Mar 2011"
17122,"138.32",1,119,"138.32","Low Value — Bulk Email Only","12 Aug 2011"
13716,"138.28",1,269,"138.28","Low Value — Bulk Email Only","15 Mar 2011"
15663,"138.14",1,106,"138.14","Low Value — Bulk Email Only","25 Aug 2011"
16050,"137.90",1,174,"137.90","Low Value — Bulk Email Only","19 Jun 2011"
13279,"137.75",1,78,"137.75","Low Value — Bulk Email Only","22 Sep 2011"
17709,"137.45",1,170,"137.45","Low Value — Bulk Email Only","23 Jun 2011"
14483,"137.10",1,282,"137.10","Low Value — Bulk Email Only","03 Mar 2011"
15691,"136.80",1,252,"136.80","Low Value — Bulk Email Only","01 Apr 2011"
14247,"136.77",1,278,"136.77","Low Value — Bulk Email Only","06 Mar 2011"
17972,"136.04",1,242,"136.04","Low Value — Bulk Email Only","12 Apr 2011"
12968,"135.95",1,112,"135.95","Low Value — Bulk Email Only","19 Aug 2011"
15042,"135.93",1,199,"135.93","Low Value — Bulk Email Only","24 May 2011"
14889,"135.90",1,336,"135.90","Low Value — Bulk Email Only","07 Jan 2011"
16114,"135.75",1,171,"135.75","Low Value — Bulk Email Only","22 Jun 2011"
15174,"135.75",1,323,"135.75","Low Value — Bulk Email Only","21 Jan 2011"
16665,"135.40",1,362,"135.40","Low Value — Bulk Email Only","12 Dec 2010"
12851,"135.18",1,97,"135.18","Low Value — Bulk Email Only","04 Sep 2011"
13848,"135.00",1,298,"135.00","Low Value — Bulk Email Only","15 Feb 2011"
16055,"134.80",1,221,"134.80","Low Value — Bulk Email Only","03 May 2011"
14340,"134.70",1,219,"134.70","Low Value — Bulk Email Only","05 May 2011"
15562,"134.55",1,352,"134.55","Low Value — Bulk Email Only","23 Dec 2010"
12837,"134.10",1,173,"134.10","Low Value — Bulk Email Only","19 Jun 2011"
14280,"134.04",1,197,"134.04","Low Value — Bulk Email Only","27 May 2011"
16424,"133.56",1,191,"133.56","Low Value — Bulk Email Only","01 Jun 2011"
17881,"133.35",1,304,"133.35","Low Value — Bulk Email Only","08 Feb 2011"
15709,"133.25",1,284,"133.25","Low Value — Bulk Email Only","01 Mar 2011"
14438,"131.90",1,306,"131.90","Low Value — Bulk Email Only","06 Feb 2011"
17455,"131.70",1,204,"131.70","Low Value — Bulk Email Only","20 May 2011"
14795,"131.45",1,166,"131.45","Low Value — Bulk Email Only","26 Jun 2011"
16679,"129.75",1,366,"129.75","Low Value — Bulk Email Only","08 Dec 2010"
16611,"129.49",1,186,"129.49","Low Value — Bulk Email Only","06 Jun 2011"
16623,"129.45",1,246,"129.45","Low Value — Bulk Email Only","08 Apr 2011"
15543,"127.86",1,288,"127.86","Low Value — Bulk Email Only","24 Feb 2011"
13781,"127.84",1,251,"127.84","Low Value — Bulk Email Only","03 Apr 2011"
15578,"127.10",1,162,"127.10","Low Value — Bulk Email Only","30 Jun 2011"
15923,"127.08",1,373,"127.08","Low Value — Bulk Email Only","02 Dec 2010"
14962,"126.70",1,271,"126.70","Low Value — Bulk Email Only","14 Mar 2011"
12814,"125.92",1,102,"125.92","Low Value — Bulk Email Only","30 Aug 2011"
14890,"125.65",1,254,"125.65","Low Value — Bulk Email Only","31 Mar 2011"
16287,"125.22",1,170,"125.22","Low Value — Bulk Email Only","23 Jun 2011"
16849,"124.57",1,187,"124.57","Low Value — Bulk Email Only","06 Jun 2011"
16658,"123.24",1,368,"123.24","Low Value — Bulk Email Only","06 Dec 2010"
15917,"123.10",1,248,"123.10","Low Value — Bulk Email Only","06 Apr 2011"
17967,"123.07",1,372,"123.07","Low Value — Bulk Email Only","03 Dec 2010"
13519,"122.75",1,78,"122.75","Low Value — Bulk Email Only","22 Sep 2011"
14413,"122.70",1,362,"122.70","Low Value — Bulk Email Only","12 Dec 2010"
14165,"122.54",1,276,"122.54","Low Value — Bulk Email Only","09 Mar 2011"
14076,"122.47",1,129,"122.47","Low Value — Bulk Email Only","02 Aug 2011"
16073,"122.40",1,297,"122.40","Low Value — Bulk Email Only","15 Feb 2011"
13244,"121.74",1,93,"121.74","Low Value — Bulk Email Only","08 Sep 2011"
15049,"121.17",1,274,"121.17","Low Value — Bulk Email Only","11 Mar 2011"
13002,"120.95",1,318,"120.95","Low Value — Bulk Email Only","25 Jan 2011"
14259,"120.00",1,142,"120.00","Low Value — Bulk Email Only","21 Jul 2011"
14314,"120.00",1,107,"120.00","Low Value — Bulk Email Only","25 Aug 2011"
14453,"119.93",1,190,"119.93","Low Value — Bulk Email Only","02 Jun 2011"
15266,"119.30",1,338,"119.30","Low Value — Bulk Email Only","05 Jan 2011"
15843,"118.95",1,304,"118.95","Low Value — Bulk Email Only","09 Feb 2011"
17079,"118.80",1,78,"118.80","Low Value — Bulk Email Only","22 Sep 2011"
14155,"118.75",1,266,"118.75","Low Value — Bulk Email Only","18 Mar 2011"
14124,"118.08",1,84,"118.08","Low Value — Bulk Email Only","16 Sep 2011"
13581,"118.00",1,309,"118.00","Low Value — Bulk Email Only","03 Feb 2011"
12929,"117.85",1,312,"117.85","Low Value — Bulk Email Only","01 Feb 2011"
17654,"117.55",1,277,"117.55","Low Value — Bulk Email Only","07 Mar 2011"
16959,"117.35",1,87,"117.35","Low Value — Bulk Email Only","13 Sep 2011"
13877,"117.24",1,86,"117.24","Low Value — Bulk Email Only","14 Sep 2011"
17117,"116.20",1,288,"116.20","Low Value — Bulk Email Only","24 Feb 2011"
17601,"116.01",1,239,"116.01","Low Value — Bulk Email Only","14 Apr 2011"
14143,"115.80",1,134,"115.80","Low Value — Bulk Email Only","29 Jul 2011"
15350,"115.65",1,373,"115.65","Low Value — Bulk Email Only","01 Dec 2010"
13067,"115.46",1,82,"115.46","Low Value — Bulk Email Only","18 Sep 2011"
18027,"115.31",1,99,"115.31","Low Value — Bulk Email Only","02 Sep 2011"
14972,"114.77",1,128,"114.77","Low Value — Bulk Email Only","03 Aug 2011"
14632,"114.56",1,263,"114.56","Low Value — Bulk Email Only","22 Mar 2011"
16247,"114.56",1,170,"114.56","Low Value — Bulk Email Only","22 Jun 2011"
14652,"114.18",1,77,"114.18","Low Value — Bulk Email Only","23 Sep 2011"
12651,"114.00",1,335,"114.00","Low Value — Bulk Email Only","09 Jan 2011"
14457,"113.64",1,311,"113.64","Low Value — Bulk Email Only","02 Feb 2011"
15445,"113.50",1,264,"113.50","Low Value — Bulk Email Only","20 Mar 2011"
17217,"113.50",1,234,"113.50","Low Value — Bulk Email Only","19 Apr 2011"
16913,"113.44",1,290,"113.44","Low Value — Bulk Email Only","22 Feb 2011"
15280,"113.12",1,172,"113.12","Low Value — Bulk Email Only","20 Jun 2011"
14689,"112.80",1,209,"112.80","Low Value — Bulk Email Only","15 May 2011"
16697,"112.75",1,241,"112.75","Low Value — Bulk Email Only","12 Apr 2011"
13161,"112.75",1,313,"112.75","Low Value — Bulk Email Only","30 Jan 2011"
13807,"112.60",1,367,"112.60","Low Value — Bulk Email Only","07 Dec 2010"
18129,"112.55",1,243,"112.55","Low Value — Bulk Email Only","10 Apr 2011"
14271,"112.32",1,226,"112.32","Low Value — Bulk Email Only","28 Apr 2011"
17893,"112.25",1,225,"112.25","Low Value — Bulk Email Only","28 Apr 2011"
12756,"112.08",1,87,"112.08","Low Value — Bulk Email Only","14 Sep 2011"
17887,"111.35",1,129,"111.35","Low Value — Bulk Email Only","02 Aug 2011"
18120,"111.15",1,214,"111.15","Low Value — Bulk Email Only","09 May 2011"
13508,"110.97",1,244,"110.97","Low Value — Bulk Email Only","10 Apr 2011"
13144,"110.95",1,333,"110.95","Low Value — Bulk Email Only","11 Jan 2011"
15537,"110.92",1,163,"110.92","Low Value — Bulk Email Only","29 Jun 2011"
17349,"110.75",1,179,"110.75","Low Value — Bulk Email Only","13 Jun 2011"
16963,"110.55",1,187,"110.55","Low Value — Bulk Email Only","05 Jun 2011"
12734,"110.40",1,353,"110.40","Low Value — Bulk Email Only","22 Dec 2010"
17746,"110.25",1,240,"110.25","Low Value — Bulk Email Only","13 Apr 2011"
16339,"109.95",1,284,"109.95","Low Value — Bulk Email Only","28 Feb 2011"
13133,"109.80",2,274,"54.90","Low Value — Bulk Email Only","11 Mar 2011"
14699,"109.13",1,214,"109.13","Low Value — Bulk Email Only","09 May 2011"
17639,"108.50",1,276,"108.50","Low Value — Bulk Email Only","08 Mar 2011"
13226,"108.21",1,273,"108.21","Low Value — Bulk Email Only","11 Mar 2011"
12956,"108.07",1,306,"108.07","Low Value — Bulk Email Only","06 Feb 2011"
15395,"107.45",1,326,"107.45","Low Value — Bulk Email Only","18 Jan 2011"
16757,"106.83",1,319,"106.83","Low Value — Bulk Email Only","25 Jan 2011"
15070,"106.20",1,373,"106.20","Low Value — Bulk Email Only","02 Dec 2010"
16377,"106.20",1,267,"106.20","Low Value — Bulk Email Only","17 Mar 2011"
16581,"105.84",1,183,"105.84","Low Value — Bulk Email Only","10 Jun 2011"
15775,"104.90",1,245,"104.90","Low Value — Bulk Email Only","08 Apr 2011"
15607,"104.76",1,337,"104.76","Low Value — Bulk Email Only","07 Jan 2011"
15958,"104.35",1,74,"104.35","Low Value — Bulk Email Only","26 Sep 2011"
17548,"103.30",1,234,"103.30","Low Value — Bulk Email Only","20 Apr 2011"
18255,"103.30",1,89,"103.30","Low Value — Bulk Email Only","11 Sep 2011"
14542,"103.25",1,186,"103.25","Low Value — Bulk Email Only","07 Jun 2011"
17962,"102.83",1,142,"102.83","Low Value — Bulk Email Only","20 Jul 2011"
18011,"102.79",1,373,"102.79","Low Value — Bulk Email Only","01 Dec 2010"
14981,"102.12",1,246,"102.12","Low Value — Bulk Email Only","07 Apr 2011"
13948,"102.00",1,361,"102.00","Low Value — Bulk Email Only","14 Dec 2010"
15212,"101.80",1,241,"101.80","Low Value — Bulk Email Only","12 Apr 2011"
17391,"101.76",1,164,"101.76","Low Value — Bulk Email Only","29 Jun 2011"
18068,"101.70",1,289,"101.70","Low Value — Bulk Email Only","23 Feb 2011"
17643,"101.55",1,373,"101.55","Low Value — Bulk Email Only","01 Dec 2010"
16006,"101.40",1,211,"101.40","Low Value — Bulk Email Only","12 May 2011"
18086,"101.34",1,274,"101.34","Low Value — Bulk Email Only","10 Mar 2011"
13101,"101.19",1,234,"101.19","Low Value — Bulk Email Only","19 Apr 2011"
16344,"101.10",1,158,"101.10","Low Value — Bulk Email Only","04 Jul 2011"
14371,"100.50",1,295,"100.50","Low Value — Bulk Email Only","17 Feb 2011"
13703,"99.50",1,318,"99.50","Low Value — Bulk Email Only","25 Jan 2011"
17939,"99.14",1,160,"99.14","Low Value — Bulk Email Only","03 Jul 2011"
15256,"98.45",1,149,"98.45","Low Value — Bulk Email Only","14 Jul 2011"
17325,"96.80",1,280,"96.80","Low Value — Bulk Email Only","04 Mar 2011"
15216,"96.60",1,88,"96.60","Low Value — Bulk Email Only","13 Sep 2011"
12548,"95.20",1,166,"95.20","Low Value — Bulk Email Only","26 Jun 2011"
16387,"94.36",1,323,"94.36","Low Value — Bulk Email Only","21 Jan 2011"
15397,"94.00",1,290,"94.00","Low Value — Bulk Email Only","23 Feb 2011"
18227,"93.75",1,218,"93.75","Low Value — Bulk Email Only","06 May 2011"
12821,"92.72",1,214,"92.72","Low Value — Bulk Email Only","09 May 2011"
13551,"91.80",1,319,"91.80","Low Value — Bulk Email Only","24 Jan 2011"
15488,"91.32",1,93,"91.32","Low Value — Bulk Email Only","08 Sep 2011"
14353,"90.60",1,215,"90.60","Low Value — Bulk Email Only","08 May 2011"
15552,"90.12",1,217,"90.12","Low Value — Bulk Email Only","06 May 2011"
14117,"90.00",1,144,"90.00","Low Value — Bulk Email Only","19 Jul 2011"
14760,"89.20",1,297,"89.20","Low Value — Bulk Email Only","15 Feb 2011"
12686,"89.14",1,372,"89.14","Low Value — Bulk Email Only","03 Dec 2010"
14436,"89.06",1,99,"89.06","Low Value — Bulk Email Only","02 Sep 2011"
12353,"89.00",1,204,"89.00","Low Value — Bulk Email Only","19 May 2011"
15083,"88.20",1,257,"88.20","Low Value — Bulk Email Only","28 Mar 2011"
15180,"87.50",1,367,"87.50","Low Value — Bulk Email Only","07 Dec 2010"
13296,"87.40",1,137,"87.40","Low Value — Bulk Email Only","25 Jul 2011"
15541,"85.13",1,114,"85.13","Low Value — Bulk Email Only","17 Aug 2011"
13841,"85.00",1,253,"85.00","Low Value — Bulk Email Only","01 Apr 2011"
15729,"85.00",1,213,"85.00","Low Value — Bulk Email Only","11 May 2011"
12401,"84.30",1,303,"84.30","Low Value — Bulk Email Only","09 Feb 2011"
17309,"82.75",1,95,"82.75","Low Value — Bulk Email Only","05 Sep 2011"
17060,"81.60",1,266,"81.60","Low Value — Bulk Email Only","18 Mar 2011"
18281,"80.82",1,181,"80.82","Low Value — Bulk Email Only","12 Jun 2011"
13967,"80.70",1,146,"80.70","Low Value — Bulk Email Only","17 Jul 2011"
13747,"79.60",1,374,"79.60","Low Value — Bulk Email Only","01 Dec 2010"
16078,"79.20",1,284,"79.20","Low Value — Bulk Email Only","01 Mar 2011"
13132,"77.30",1,262,"77.30","Low Value — Bulk Email Only","23 Mar 2011"
14373,"76.55",1,358,"76.55","Low Value — Bulk Email Only","16 Dec 2010"
17536,"76.50",1,177,"76.50","Low Value — Bulk Email Only","15 Jun 2011"
13106,"76.50",1,133,"76.50","Low Value — Bulk Email Only","29 Jul 2011"
15668,"76.32",1,218,"76.32","Low Value — Bulk Email Only","06 May 2011"
18113,"76.32",1,369,"76.32","Low Value — Bulk Email Only","06 Dec 2010"
16148,"76.32",1,296,"76.32","Low Value — Bulk Email Only","16 Feb 2011"
14090,"76.32",1,325,"76.32","Low Value — Bulk Email Only","19 Jan 2011"
17628,"75.75",1,81,"75.75","Low Value — Bulk Email Only","19 Sep 2011"
16610,"75.66",1,219,"75.66","Low Value — Bulk Email Only","04 May 2011"
16468,"74.90",1,74,"74.90","Low Value — Bulk Email Only","26 Sep 2011"
18050,"74.40",1,359,"74.40","Low Value — Bulk Email Only","15 Dec 2010"
17960,"73.78",1,171,"73.78","Low Value — Bulk Email Only","21 Jun 2011"
12506,"73.50",1,233,"73.50","Low Value — Bulk Email Only","21 Apr 2011"
18032,"73.50",1,334,"73.50","Low Value — Bulk Email Only","09 Jan 2011"
17906,"72.90",1,247,"72.90","Low Value — Bulk Email Only","06 Apr 2011"
13686,"72.00",1,183,"72.00","Low Value — Bulk Email Only","10 Jun 2011"
14887,"72.00",1,79,"72.00","Low Value — Bulk Email Only","21 Sep 2011"
13185,"71.40",1,268,"71.40","Low Value — Bulk Email Only","17 Mar 2011"
17747,"71.40",1,113,"71.40","Low Value — Bulk Email Only","19 Aug 2011"
12798,"69.12",1,171,"69.12","Low Value — Bulk Email Only","22 Jun 2011"
14393,"67.95",1,218,"67.95","Low Value — Bulk Email Only","05 May 2011"
13684,"67.23",1,286,"67.23","Low Value — Bulk Email Only","27 Feb 2011"
13130,"64.00",1,94,"64.00","Low Value — Bulk Email Only","06 Sep 2011"
13302,"63.75",1,155,"63.75","Low Value — Bulk Email Only","07 Jul 2011"
17263,"63.44",1,208,"63.44","Low Value — Bulk Email Only","15 May 2011"
14437,"63.00",1,366,"63.00","Low Value — Bulk Email Only","09 Dec 2010"
12665,"63.00",1,325,"63.00","Low Value — Bulk Email Only","19 Jan 2011"
14840,"62.85",1,268,"62.85","Low Value — Bulk Email Only","17 Mar 2011"
13218,"62.64",1,127,"62.64","Low Value — Bulk Email Only","04 Aug 2011"
13194,"60.70",1,136,"60.70","Low Value — Bulk Email Only","27 Jul 2011"
17174,"59.90",1,218,"59.90","Low Value — Bulk Email Only","06 May 2011"
13391,"59.80",1,204,"59.80","Low Value — Bulk Email Only","20 May 2011"
13682,"59.50",1,187,"59.50","Low Value — Bulk Email Only","05 Jun 2011"
14957,"58.49",1,253,"58.49","Low Value — Bulk Email Only","31 Mar 2011"
13080,"58.08",1,179,"58.08","Low Value — Bulk Email Only","13 Jun 2011"
17775,"56.40",1,255,"56.40","Low Value — Bulk Email Only","30 Mar 2011"
15899,"56.25",1,369,"56.25","Low Value — Bulk Email Only","06 Dec 2010"
16349,"53.50",1,291,"53.50","Low Value — Bulk Email Only","22 Feb 2011"
15504,"52.83",1,81,"52.83","Low Value — Bulk Email Only","19 Sep 2011"
15313,"52.00",1,110,"52.00","Low Value — Bulk Email Only","21 Aug 2011"
17844,"51.56",1,107,"51.56","Low Value — Bulk Email Only","25 Aug 2011"
14351,"51.00",1,165,"51.00","Low Value — Bulk Email Only","28 Jun 2011"
13011,"50.55",1,372,"50.55","Low Value — Bulk Email Only","02 Dec 2010"
14821,"48.80",1,367,"48.80","Low Value — Bulk Email Only","08 Dec 2010"
15603,"48.48",1,79,"48.48","Low Value — Bulk Email Only","22 Sep 2011"
17394,"48.35",1,219,"48.35","Low Value — Bulk Email Only","04 May 2011"
15653,"48.00",1,116,"48.00","Low Value — Bulk Email Only","16 Aug 2011"
16257,"46.95",1,177,"46.95","Low Value — Bulk Email Only","16 Jun 2011"
12891,"42.00",1,293,"42.00","Low Value — Bulk Email Only","20 Feb 2011"
15178,"40.50",1,260,"40.50","Low Value — Bulk Email Only","24 Mar 2011"
14589,"39.75",1,372,"39.75","Low Value — Bulk Email Only","03 Dec 2010"
12977,"39.24",1,156,"39.24","Low Value — Bulk Email Only","06 Jul 2011"
16659,"39.12",1,189,"39.12","Low Value — Bulk Email Only","03 Jun 2011"
12855,"38.10",1,373,"38.10","Low Value — Bulk Email Only","02 Dec 2010"
16162,"37.40",1,252,"37.40","Low Value — Bulk Email Only","01 Apr 2011"
15940,"35.80",1,311,"35.80","Low Value — Bulk Email Only","01 Feb 2011"
14576,"35.40",1,372,"35.40","Low Value — Bulk Email Only","02 Dec 2010"
17268,"35.00",1,150,"35.00","Low Value — Bulk Email Only","12 Jul 2011"
15744,"34.80",1,78,"34.80","Low Value — Bulk Email Only","23 Sep 2011"
16765,"34.00",1,294,"34.00","Low Value — Bulk Email Only","18 Feb 2011"
17408,"32.65",1,163,"32.65","Low Value — Bulk Email Only","29 Jun 2011"
13120,"30.60",1,239,"30.60","Low Value — Bulk Email Only","15 Apr 2011"
17414,"28.00",1,185,"28.00","Low Value — Bulk Email Only","08 Jun 2011"
12864,"27.60",1,138,"27.60","Low Value — Bulk Email Only","24 Jul 2011"
18268,"25.50",1,134,"25.50","Low Value — Bulk Email Only","28 Jul 2011"
17102,"25.50",1,262,"25.50","Low Value — Bulk Email Only","23 Mar 2011"
17995,"23.60",1,282,"23.60","Low Value — Bulk Email Only","03 Mar 2011"
12755,"17.55",1,281,"17.55","Low Value — Bulk Email Only","04 Mar 2011"
16093,"17.00",1,107,"17.00","Low Value — Bulk Email Only","25 Aug 2011"
17763,"15.00",1,263,"15.00","Low Value — Bulk Email Only","21 Mar 2011"
13307,"15.00",1,120,"15.00","Low Value — Bulk Email Only","11 Aug 2011"
15823,"15.00",1,372,"15.00","Low Value — Bulk Email Only","02 Dec 2010"
16878,"13.30",1,84,"13.30","Low Value — Bulk Email Only","16 Sep 2011"
17956,"12.75",1,249,"12.75","Low Value — Bulk Email Only","04 Apr 2011"
16738,"3.75",1,298,"3.75","Low Value — Bulk Email Only","15 Feb 2011"
16446,"2.90",1,206,"2.90","Low Value — Bulk Email Only","18 May 2011"
